CREATE DATABASE  IF NOT EXISTS `restaurant_db` /*!40100 DEFAULT CHARACTER SET utf8mb4 COLLATE utf8mb4_general_ci */;
USE `restaurant_db`;
-- MySQL dump 10.13  Distrib 8.0.40, for Win64 (x86_64)
--
-- Host: 176.113.83.11    Database: restaurant_db
-- ------------------------------------------------------
-- Server version	5.5.5-10.5.28-MariaDB-0+deb11u1

/*!40101 SET @OLD_CHARACTER_SET_CLIENT=@@CHARACTER_SET_CLIENT */;
/*!40101 SET @OLD_CHARACTER_SET_RESULTS=@@CHARACTER_SET_RESULTS */;
/*!40101 SET @OLD_COLLATION_CONNECTION=@@COLLATION_CONNECTION */;
/*!50503 SET NAMES utf8 */;
/*!40103 SET @OLD_TIME_ZONE=@@TIME_ZONE */;
/*!40103 SET TIME_ZONE='+00:00' */;
/*!40014 SET @OLD_UNIQUE_CHECKS=@@UNIQUE_CHECKS, UNIQUE_CHECKS=0 */;
/*!40014 SET @OLD_FOREIGN_KEY_CHECKS=@@FOREIGN_KEY_CHECKS, FOREIGN_KEY_CHECKS=0 */;
/*!40101 SET @OLD_SQL_MODE=@@SQL_MODE, SQL_MODE='NO_AUTO_VALUE_ON_ZERO' */;
/*!40111 SET @OLD_SQL_NOTES=@@SQL_NOTES, SQL_NOTES=0 */;

--
-- Table structure for table `admin`
--

DROP TABLE IF EXISTS `admin`;
/*!40101 SET @saved_cs_client     = @@character_set_client */;
/*!50503 SET character_set_client = utf8mb4 */;
CREATE TABLE `admin` (
  `admin_id` int(11) NOT NULL AUTO_INCREMENT,
  `admin_login` varchar(30) DEFAULT NULL,
  `admin_password` varchar(20) DEFAULT NULL,
  PRIMARY KEY (`admin_id`)
) ENGINE=InnoDB AUTO_INCREMENT=5 DEFAULT CHARSET=utf8mb4 COLLATE=utf8mb4_general_ci;
/*!40101 SET character_set_client = @saved_cs_client */;

--
-- Dumping data for table `admin`
--

LOCK TABLES `admin` WRITE;
/*!40000 ALTER TABLE `admin` DISABLE KEYS */;
INSERT INTO `admin` VALUES (1,'admin','admin'),(2,'Lutic238*','Lutic238*'),(3,'Yana13092006*','Yana13092006'),(4,'Yana13092006*','Yana13092006*');
/*!40000 ALTER TABLE `admin` ENABLE KEYS */;
UNLOCK TABLES;

--
-- Table structure for table `allergen`
--

DROP TABLE IF EXISTS `allergen`;
/*!40101 SET @saved_cs_client     = @@character_set_client */;
/*!50503 SET character_set_client = utf8mb4 */;
CREATE TABLE `allergen` (
  `allergen_id` int(11) NOT NULL AUTO_INCREMENT,
  `allergen_name` varchar(50) DEFAULT NULL,
  PRIMARY KEY (`allergen_id`)
) ENGINE=InnoDB AUTO_INCREMENT=10 DEFAULT CHARSET=utf8mb4 COLLATE=utf8mb4_unicode_ci;
/*!40101 SET character_set_client = @saved_cs_client */;

--
-- Dumping data for table `allergen`
--

LOCK TABLES `allergen` WRITE;
/*!40000 ALTER TABLE `allergen` DISABLE KEYS */;
INSERT INTO `allergen` VALUES (1,'Глютен'),(2,'Молочные продукты'),(3,'Орехи'),(4,'Рыба и морепродукты'),(5,'Соевые продукты'),(6,'Цитрус'),(7,'Яйцо'),(8,'Свинина'),(9,'Грибы');
/*!40000 ALTER TABLE `allergen` ENABLE KEYS */;
UNLOCK TABLES;

--
-- Table structure for table `client`
--

DROP TABLE IF EXISTS `client`;
/*!40101 SET @saved_cs_client     = @@character_set_client */;
/*!50503 SET character_set_client = utf8mb4 */;
CREATE TABLE `client` (
  `client_id` int(11) NOT NULL AUTO_INCREMENT,
  `client_firstname` varchar(45) DEFAULT NULL,
  `client_name` varchar(45) DEFAULT NULL,
  `client_email` varchar(30) DEFAULT NULL,
  `client_phone` char(13) NOT NULL,
  PRIMARY KEY (`client_id`)
) ENGINE=InnoDB AUTO_INCREMENT=17 DEFAULT CHARSET=utf8mb4 COLLATE=utf8mb4_unicode_ci;
/*!40101 SET character_set_client = @saved_cs_client */;

--
-- Dumping data for table `client`
--

LOCK TABLES `client` WRITE;
/*!40000 ALTER TABLE `client` DISABLE KEYS */;
INSERT INTO `client` VALUES (1,'Валерий','Иванов','val.ivanov@example.com','79123456789'),(2,'Марк','Петров','mark.petrov@example.com','79991234567'),(3,'Мария','Сидорова','maria.sidorov@example.ru','79001112233'),(4,'Анна','Ковалева','anna.kovalev@mail.ru','74951234567'),(5,'Сергей','Сергеев','sergey.sergeev@gmail.com','78125556677'),(6,'Ольга','Смирнова','olga.smirnova@yandex.ru','79211234567'),(7,'Дмитрий','Кузнецов','dmitry.kuznetsov@bk.ru','79515554433'),(8,'Елена','Федорова','elena.fedorova@list.ru','74997776655'),(9,'Андрей','Васильев','andrey.vasilyev@protonmail.com','79651112222'),(10,'Светлана','Николаева','svetlana.nikolaeva@mail.ru','78001234567'),(11,'Алексей','Петров','alexey.petrov@example.com','79112223344'),(12,'Татьяна','Соколова','tatiana.sokolova@gmail.com','79265554433'),(13,'Чернов','Никита',NULL,'79371523614'),(14,'Феденёв','Владислав',NULL,'79371488414'),(15,'Кто то','Ктио то',NULL,'79373314415'),(16,'Белоглазов','Леонид','bellen@gmail.com','7988888888');
/*!40000 ALTER TABLE `client` ENABLE KEYS */;
UNLOCK TABLES;

--
-- Table structure for table `client_table`
--

DROP TABLE IF EXISTS `client_table`;
/*!40101 SET @saved_cs_client     = @@character_set_client */;
/*!50503 SET character_set_client = utf8mb4 */;
CREATE TABLE `client_table` (
  `client_id` int(11) NOT NULL,
  `table_id` int(11) NOT NULL,
  `datetime_from` datetime DEFAULT NULL,
  `datetime_to` datetime DEFAULT NULL,
  `reservation_status` varchar(20) DEFAULT NULL,
  PRIMARY KEY (`client_id`,`table_id`),
  KEY `table_fk_idx` (`table_id`),
  KEY `client_fk_idx` (`client_id`),
  CONSTRAINT `client_fk` FOREIGN KEY (`client_id`) REFERENCES `client` (`client_id`),
  CONSTRAINT `table_fk` FOREIGN KEY (`table_id`) REFERENCES `table` (`table_id`)
) ENGINE=InnoDB DEFAULT CHARSET=utf8mb4 COLLATE=utf8mb4_unicode_ci;
/*!40101 SET character_set_client = @saved_cs_client */;

--
-- Dumping data for table `client_table`
--

LOCK TABLES `client_table` WRITE;
/*!40000 ALTER TABLE `client_table` DISABLE KEYS */;
INSERT INTO `client_table` VALUES (2,2,'2025-05-30 14:30:00','2025-05-30 16:00:00','Действительна'),(3,6,'2025-05-30 11:00:00','2025-05-30 14:00:00','Ожидание'),(4,5,'2025-05-29 08:15:00','2025-05-29 09:30:00','Ожидание'),(5,5,'2025-05-29 19:30:00','2025-05-29 20:30:00','Прошла'),(6,5,'2025-05-31 18:45:00','2025-05-31 19:45:00','Ожидание'),(7,8,'2025-05-31 20:30:00','2025-05-31 23:00:00','Ожидание'),(8,8,'2025-06-01 18:45:00','2025-06-01 20:45:00','Ожидание'),(10,12,'2025-06-01 13:45:00','2025-06-01 14:15:00','Ожидание'),(11,12,'2025-06-02 08:00:00','2025-06-02 09:00:00','Ожидание'),(12,12,'2025-06-02 20:15:00','2025-06-02 21:15:00','Ожидание'),(13,4,'2025-05-29 08:15:00','2025-05-29 08:30:00','Ожидание'),(14,4,'2025-05-29 08:30:00','2025-05-29 09:30:00','Ожидание'),(16,1,'2025-05-30 08:00:00','2025-05-30 09:00:00','Ожидание');
/*!40000 ALTER TABLE `client_table` ENABLE KEYS */;
UNLOCK TABLES;

--
-- Table structure for table `dish`
--

DROP TABLE IF EXISTS `dish`;
/*!40101 SET @saved_cs_client     = @@character_set_client */;
/*!50503 SET character_set_client = utf8mb4 */;
CREATE TABLE `dish` (
  `dish_id` int(11) NOT NULL AUTO_INCREMENT,
  `dish_name` varchar(50) DEFAULT NULL,
  `dish_description` text DEFAULT NULL,
  `dish_price` float DEFAULT NULL,
  `menu_category_id` int(11) DEFAULT NULL,
  `dish_image` mediumblob DEFAULT NULL,
  PRIMARY KEY (`dish_id`),
  KEY `menu_category_fk_idx` (`menu_category_id`),
  CONSTRAINT `menu_category_fk` FOREIGN KEY (`menu_category_id`) REFERENCES `menu_category` (`menu_category_id`)
) ENGINE=InnoDB AUTO_INCREMENT=72 DEFAULT CHARSET=utf8mb4 COLLATE=utf8mb4_unicode_ci;
/*!40101 SET character_set_client = @saved_cs_client */;

--
-- Dumping data for table `dish`
--

LOCK TABLES `dish` WRITE;
/*!40000 ALTER TABLE `dish` DISABLE KEYS */;
INSERT INTO `dish` VALUES (1,'Цезарь с курицей','Салат с курицей, пармезаном и гренками.',250,1,_binary 'RIFF\0WEBPVP8 \0\r*\0>Q$E!\n&YZ\Y\;?\Wܿz\$R}\\\\\>>h_5|~\\\>nY珟x7e?\}מ\Z)g?M;\\t7rw\\\~\\\\z\⸳\{M\!\~}_\}\\\\?\3e}wB\?\~\C\\\rۿ~\{\o\^~ӿ^\_~\c/}\\\\[\\\O\}\~;~߉>Ϳw\?\S\w<7o@}\\_ܯ\\܏`\/\\y\/\\?\\\G\\\w\?\=?V{|\7\\/t\o\\ӑ53\;\޸\s7\\3&\j#i6{-@XME$\N\d\B\\\">\!C\ת\j_0/۪FMmm>\'۲DwIp3%sBd\դ@\\8\Kt\i\{%y\vYoW{[i\4\YB\\_Kr\]ʊ\%\Ky}H\_CK3}f\\\\lN-//4|m\"\\t ,r!`\r_(6s*FCoV\"غMZm;\04\aF#6ȱ\6\M\e.-5Vt$K6/\\]gmw\4ړ	L\n\Syn\T\\\(5jpm$\8R\AO^V	\Z\\&e\\\ut6\t\}\\\"\5ֹrfrU[\L%>\}I\_\8l*؇Y\|k\\Ze,\>\z\Lѥgy\Fg\\\h\$Y\\\w+|W\\&\tB~_i\\s\n\\n\%s{-\K\@nW v\v\Re\	6D+ٌQ\G[I\\nc˼m\0KP\o\^\\:lD	X\~%T\ZYk\\'\0^i긓\Y\0|X50Sa?ĒNQUj\V\":Po@\\5\nB6\%*a:~\SgSjEV\m0\Zi\ڰ\\\=uw\)HpDx\[#;O7\8{\\\=B)$.g۫\0\dg؜\3(j[?A.Z\ʤ;c\\*\G9@M\j\{dd\\LNZ%2y|\\H)n%\q.\$c{BX3\2i^V\ҽp<J\S=\aVx\G\}z\D!hҌy0e#JqLlZѷ\\-TB\L}ackh}\Zc\Z&\\\y9\3\R\\\8L$j7\sdn\n\\	\jM\\n\_/IF}E֔#Vs]Lȿ/\gM%a\?:\v=\"\"\\j]~,JS\D\\ŁV׬\\\\\]Do)w)\T\t\KG\jqz&(l\#\a\rֲ►\Dk_\\Z[)zO\o\s>}%-ߘ ;\1·/Z\QvSX\vB\'kR\L\nK\\\\Z|XeFt\o>-p\ZqTهyh;\\\\ \BX`n\\\S\"Iv֚\c\\O967߬Ki\rgju)a)t\6\"\6ꢽMd\o;\t,y\2!`(w\\{v\f\?\H\\2\^\r\lJ4\֦C\*΀\_@t\}u\B\\\\y\78`i23\-\Z{Jy;\s\?ƯsW8\8\\įls\\@O|\Yw(E\efz\>f\\\ۉ\A<`8Ҟo\\r\q\\cK.P-\jY\UPF8\_V\9J.`򇌔&HV&{w\n6Kʪ;,^5G\T\*.\0\V#rHR\fѮj\љ$W\\"r=\\0$1NFw\\dt1=\R_\\\{>-\\z\z53R\\\H\\f6\qu\\Ԓz/PS%l(W7Ϲ67^\"\@X~]ӳ*\\$`3No^3\/Wv\",\\ŞP\\\]\\'\x\\/9/ݓ\\\VE?{}\]Fo?\\ǯ_\遨5l߉a9e!|\:0\Yn6O\-\m\$<CkUbWpp\\\r\\%\?\cSu\)\7\)V\n\\\\\8nF\!!\[\\n\oc5hdoܖ\\5Ǭ@\\9%iܳA?\\ra9?%\'/ؖc㚸B(\G n$(\\"\7_ҿXэ/_&\5u4F`\:<ME\^2=\d\^;7`\MۡXfR\\\gR\1G:ա31\n\ן3\\Zo\0aAKŪJ7M_\\'b\ZCu\mc}\\\埂\O?@y/$#}&2\\hT\\(ހ6r\\|-H=\0\ro=\\"	g\w\ *.\\\\kVOX\\Z̤f\14WM3\X\S:j\h1K\ZrdGh\m\\\o)?n*y`m*pG(mƖ\0?UCfF\'i1=uF\{e_Ji\\-\\io8wR\zom Uy-QT27SL\rr\-\"\D1lAI6DX\\"ɚ\\":zqΛ^d\¢Vlk2\0O#3oVkPoH;\\͗7+Gk\.9{UzoRK\e^c@D\ F1I3s;D(\iꋫ_\#ƎTP \\c:\WYd\k\S\}OuIn36\\\'\L޸\a\\'Z\n\\n1e+bNr\@d0z_r%_\\\\P\kw\dM\<ʞda8R\d\;\u=ڽ4\\"A\\\\\\6Sde\\^\D[\Ǉ\ㆽqǖ\0\(v>\r\;\x۫+6\z@rNS=E .t\=\}iЖ]FџL,\cT\PV\\<Í\\42QF\ʠp5\e@_\\ ?\'\\\	%\~G`,WQ\\\[5~Jh*=\\љIB^^&\q9D\l\oX%\\uObYLS+O\\Є\r٥\\\_H%_t?E(E߃I4$&P6	7|\yɚ\W\\s,X, 6ѹ\W9ܨ\8\\z8Y+{ƤL?\\\\\/\KZ\<\\m[ \>39k\j\\ɏI\?pcn&§\E9>[)\3E\G?u/9\?f\&A\\f\'\'\;A\\-\k`\a\\R9\95ˬ\D~\\\߷.ΔE7~L^a\PD=\CnOf1\"bpS\d\Tф+\w?`Pu\e\"Qt?J)5\Ko}\Cb\sV8xF)½\r\,\+\Wg[F29h:68M\,Hv\\paRUFL\\\+\\\ \E\\0󮢽\/\5\n$\zKL#St\r\\v\I+(=թ q.\M\\eHy\T\KP:8QK\\'A\?\\q@/I\\PE\0a\/Tw\nj겗[\f;\G\\\T7lIFt\\#\\$ly_R}\uѢf(C<9<+/֡ߎZVr\^h\\Zb	:J#\gVX\߿\>H.gb6Jf΋W\c68Mg]\\YR\\\1)\4G,\h\q\8OPVu\`ql$J\\\	pli\\$J@=rFr<\ƎU,)Bl*成\\Hrز\\pZJ6=\p䛢\=R35\'XB^\G\\r%&{̃:\#\ZʴuC\\$\'|K<9<7\|@\aF]\W-z\X~\Uh[]fZ<Y\a-\\*lY֦m6\\K\\nɟ\\76I\auK\ƀ\:?ܨ\%\=#n\ܣy4\\Q\\&L6(%^0EŇtCw&HJO\6?\m\0:zT3֯pu\\Z0Ir\ފrL*w\S:\ʜ	-\\6Q\TT(qQH4\\n\֯|1в:|~\\q\"nf|frfÿQ{\(\	e\\r簺$c\p+xxU+\d. \#\\4\\\H38+n\\"_	b\\}O]By0Aq\0B2OFO\Ȍ\\h\$6|L\KxIt\\(\\<*\nްĢeB	K[\\a\\)\\Tޚ:ӹ>\v\\d\'ou<,!F}\GY\e\Zܖh1_NGy\Zy磌\`[X:\'\0\$mi\jQm\\ŨOW=\j9IG۝:fBkIO\\>?\\nH)B\'?+wJ\IT,T2\\$\0!\\qd\\\\dbS~1\ؘ:o:\[?Y;sX\6f/n9A|N8s\\wb\\\+\\oސ{~^e\̇yˑ\ʼ\*\\\rm\\\nj|s\k\R\NOL\\r\\o\[Y!mU4\1?\\\\(\۳<wMpHTސ_>D=\\\D\r7\Z˦}ȥ[>rmx\Z5\) &e8M,DΒ&\!p5\Cf\\"\Z\%8x\^\hkT~\\\g\{\ﴗY\n\I\BPMԷ,P	\\ۤ\0\\\\Nf\ZANM{6s\uN\' ϰu=S4e0n\utdL\\,̻ǘar\N\P\\N\0YJ\\(SXUc\բ}w\\&\77\\;ƈ\\\364Ra\@\\\>ru\s\e\\na\O{\<\]5\Ts5lm҉\\^\}\Z!2K\r)ԣ\g\/sBEۢ|,\!>v\PuCǡv͔h:p\ե{v]\Z\\9\kȳՠ% `]t>\q/*a^Ǫ.\=mTqN\3aL<\8j\Z\\\ry\ j\'-^aq\?Lx\\q\r\dm\\_{:ZU\{\!L\~\\:\\L_e׺;\\Z\py%~\n\\Z˘K\nD\Zz!>\'G}ǫ\@\+T=\Q9f vǜ#s/,Kv\04F;\q*\g^\\@mO=߄]j\\\%\Q~@\)ڭ/\ϛa5\Tk.\\0\f	;^tE\Fo\iRH\\:V\;|/&SsWDE\n\YZɿi|3\Tr\U\\G\1\\\zYZ\kL\\ W\:ܠ4=\X\\.\.S\\%G\wo\a\\\P\!;\.\aUM:9=\q	\oÇ\'di뮛s\(W\ow\2|u\yϸ\-\w}\fi\jk;I@?/\\HnLӲn\MF\gEɧ?h\04\C\\\RU-\l\M.\_K?y\*\\F?\\\XGƘA2n5\k5LK\\T\XlX߰\\\\v+@h\\H|ĸ!ߏ\ܬ\r&\\\\6΁zG\|~\Ž>-\gV\\\u$\\F83\\*R\Cocx5F:5\Z\\JU	\ӎ/Q\#%\\\\KP\P,!`\W\a\\\{\ZIWۛf\`r/OnU+\x.\\,]yX2KdQ\k\O\\\dxv_qDٞ)!z/(Oﻲ(a	bfv[b?n+\\Dͽy\Vb\n\R\[AQ7\"Z!o{;:H\(*[;\?\hdo\]ܲO\zva\N>;\<utaj7\f4\nug\~c5\"@mi~/慓gK~\-~6ë5r<{\\nu\\noSu鿘>xlRййmߧ\b{O\\9@jsADSv\)} BYZ\\'s\d!xjȇ	\\㖂\\~ת|%P2\K\\r\nE\0[joi\"19\߭\)\<\2\U\#\u\gA$N7G\"\\{\\ɧ\\&>\\L\oжu\4[f.\"W\5\yKh>}w\ilryXop(\2gs\i\rge܇\Σ<\-\r\\'t4\wěShGTU;Җ\elZ+\%}@{g>\ QHHQO\\cJ\2:\\j\g]\\Kk\\\\\ g~\ߥ\%	g\\\7ב\Ɍ#E\\\Xl$PҢL]X\B<i(\M?7\\\]w\\\kam7\n\\e?6Ͽǩ!\\\"\[2TX\ziO\\Z\\g\T\?\"\̟W4\N4\\^\f\\_\Z_\\Z|<\\\(.\\Ƀ6S @\c1-}\\C\\@ؔs0_[\;⨬j} >\\\\d\"\\\;<\HdE\ГM563\*?B`\\(_1i\nSvv-f\Ǔ0\e\MmQ\@I\cV~\<~\\\\U\6\y\n\\G\b\ d{\-O~d-\r\ۄ%/\\09\Ԓaخgu\\r\ʿ\\.M\}%*R	\j\\\K\Z\\82q)\!	:Fނ׻\\\2dV>6rf\w·EME+f\FP;q_=Yi+E\8tvlݎ0\qW=j3L}\\0\(盽\.ڧ|F\N\!6|\\SԂ):N\Ճ\\_\ZH<TQgE\NRGpjẼ/H\\\\\\\bkݠ5\ `󧜙\n;_\:X4*w[\r\a589\~\\sBLuAl\%wr<\oHv>XN\\\<\\"\(CaWu&OCܟ	ἏgLM\p2|<HQp5\;\3Q\\;B.\t\%o],\Z>3{f\ӆlAf\Zz\\ŻT8I(\D?`+o}\*\O6+\j[g>ϔXZn8p&\\i?1\Ky\|_\\*\/)o\\{8D8\;o)F\AY\\SZǕ!6\4\"\<K~\\;\'%\y\@ذ\C\૒h\n\Jԫ9go)Δ|8TD+h	\\\\_\h|f6!z\o\ح\vjQ\=\n~z\\xF{\L	\\n[էO\nL%c֣+JD\\1\n\<\nH	d9-/^Tj\yu/%\\P\fsYYN\_J\#1TbgXI#\%o\<Ķ/LkAdud9Lϼ͜	bx\evn\Z\s\\\$n\\r\)N΀\\C\\L[%Im-\UD\\Z.֒$\\ǜَ\v\nVc\\sY=\%f_q/\߸[4x.\\\\\ϱ2+)\(\ag/\\\z6\_\\"i8\yvNyX;\:vho!ޝŦ?\\\\][5\\\"\3%fS\TzB\5ԧcZ/T\/jmu\kUty䚁\ABD\j]\\ C7C@{VuE>vd\Zc\'6(\ڊ|.bR\\\\R`90_h{n\yԻ#:\c\0-j \"w\h5\\\Barj\\\\\\'Q*\\\b\\Ŝl펭˳_{[\H\Ϫd*o\F0uN{\*?\a?\{۴I\\β\ǳ\\\Y^:BᎏSو$2N˹X=[	m<iK]\@HI\\w_B\9?\FhY\}R\\\\j=\"\\P\՝\).3>IӿQ\0\4|sET\jI閂o[|\\TkBK\\̚~\pap\0\(I8}Pw䚲r*jf\]\Tw77Ֆ\a\"el3j\\3\Ck\<־y5b!U\X\\\\s\m*X\֫\:r?:.#X\\bIG/K\ػ$Q\~d\N\?}o\\\\"Ě\\WMs\"h}s1\Y\P;\>cXAgHD,4Ѯ\aK},\R\7=/4=C\\,J{\\(\%^-x뢚!b\'-\L#ԵO4\\\X;\iΐ\Sp\G0PZl?.o\ɴ06\2|Z.\\\\zP&>,\m/68\\)\\v\Z\JT蓙	-\\) ,<\eH\Z?$U\',6\\SyT-\\_>x̫/,\\ˠr\h\\"o[ca)p֟:%\7WW\}\bbʋOO\\ ƯҜKGP1[ǒ*\wy\\'<rʥ\ns~}\ƀ83\-](cM_3j\\jT¥D3\C\"m6\[\0\np\\*icL\,)ݡo\Xbeck+\.D\\K8R\\I\\H\KO\\ֈ\\\\0U^ix\\n_\\|-\\nOsB騨/nXXr\_\\T\\W=ff\*\\\;6\\\\vA\0>8\,HN\m\r^Ȃ3\c\2\h\Z;\%GT\\H2pxE9#t\\kw\~Uչ:\\0׷[\1M]qݡ\Chݾ\r(\* hz( \\`\\\.{a\QѾO6^X\nkD\^~nj43ꀞ=\"\ L-\\5p\\3ÔVm;l\\\=]Rty\r8&\\\qI\WC\Fh\D\\\m!~\\kryȐBO(m\>Ta\V.\S\/\\p\nx:r0z~\y\(5B\JYy\0,ꩄ\4k\q\^\\\s\O72\aX\\1\\آT\R\n\\\81\J\}e0\\\*We3\nj QD\sx\:9gC\!\\to\N*R:M9ɺ\\\ے;h\6S]`Vg\"\vA,2k1oL\Az\ 9M9u\\vo\UJ~\ք\\K\ܐ7z\\<\\n\n |ckt\੸\\rW͑&W$\Ώ)EQ稹\7[Vw4[\wA$9Ȭ\tV\DjáW|,w\`Cİ0\\ݦ3&z\\A 5^\"Dr\j\I\ZB)atn\!v+\8\\1OS@l?t\F-\©kB}\rQ\\\\Z:P,#Y\\~2\\\/r\lھʾ_R^φM)\0}\yZf\r\rV\Pd\Z\& kƫ&3\|6\\?W\lXI\}y̓(bsd\OtiTm&㘢T&v)ߤ/F\^\\,2\\Z\_`Epq; zĳ&.ޖ_ϕ\ȲX\L\ŏ08\\\[m޵\\9,[9Gom#\1y{~g߂B,U. 4\n\R7|+[H/\ə:\I\Ya=f\r2|5Bz\"G\\:u)M\\\=EL~/阞>\",A+0;\\D\#3C3Au\\֭$\\"KX3.\Z1,L\\n]`h\H^\-7\JI\n\8;\-*8b\\W\8U-PmԨ/|m}T}<[L8oEteUu\U\̛V\Uw\	\9Y\#碌Qe5Q9\%di\\'E5\bũV\Ky4\wÅywʞc)3ORͺ\0T\\G\\	\$A۪\Nıcx-HP\Hú\\'O#9uf1|Z\\{O\lq\`iXT]k@\\\wh\V\\\=_ƞm\kJC$PՂ9ya\\\\'^3ZF~ъ/}\&Ĭݕw\\0A#r\_s\sU䲶EO\\T7ʄV0gOU\!\n\AN.\\3\ CBYN\h\óOpQj\\\3 OrR?\c\\\\l1U\S	u7\0!\A1ü7\\Y\_hOw\\Cli cio\\N}2֦*\dj#A\\\\6\(H\\\\eO?s\0ky\n\ʎ&~+4\0E}uɫ\\\\`\\oZ\\0m\Mz+T^L~bˆGA\U!L\"U/A\\\EѠ}߽\\ܞ\.\\'B\\3^[\\\D7\H\l_\'|\/J\\r\\+\Z\\\7m/\\Ns\;)3\݁Zb.\\ViђBrz\,97\Q\\R>X\\\xؔR!e_E\(Ƭ&\\(?~\hT+\\tOр\":h@\c8M\nNʔ`]m{O\\]\"\pp\\\c	wtBx\g\)\[\<;%\̢\9to\oI7+\\\sE\\l`@\r\np*~<y>7\\\ZUE\\ZO\t4\HX\C\bp\\Ġ\NỚ;&(\\_\\\qu֍\D\⭣4\\=P\k}g\W\\W.17\)S\TUs\\r;\G4w\ЀX_5&9KFB\G+P\imK-\"_;)\\\\\\UCh:92C\W~\3٪]\yOG\%Dzf\\\9*6J̞7Io\0=\\|[BFo\B7Il֚ꤛb%\\\%I!\\\rOJzy墳y\n{\\m>\ :nK;kJ亜D$YIU\8{(\\6\\(\\MG\\\Ti\rIQ]\\,*j\n\P	(\\}XRůMXyg`n \x\06^_\\[X\?\4<\؞\C&\Zhi]NƇAu\\FS\\%BݜCh5\\j_oZ{$C}ڦ|ÍΨA\	\~\\h\\2ȿT\Hm\Z}t%=5~*G\w#T!r\\h\jO(\;\\\P\o7eqtC\\[\5C>\\K6M]k\\uJ\n\>X\!I_ܩPc\\[Xh	h\):C/#h>gJ#O.350#\07\Y\8kCNgAQ\\\M#PAB\7\d\\=I\*@\QƎ\S\3N\\\=9\qh^\ځ\\)4֛wLE=\nzA\\u7@@m\ݏ$?F|\)`S!\	\\F\mu\\W\"\ \\rJ\\NZ\bxt9{3\?\Z\k\2ݜ}`5sCL\\\S 9{E\0tJT\\;a\\'<7բa\H\~\\\\ڬ=,ABR\q\\\\\nj\p/7\r6_\\.S\r#t]\r=M\nW:٪^\|Há\\^M?!?-zU(uO~Iƶ;ʏ\\ OztJ)	=?չfsv\>^\\J;J:\==f$\Z<ُ>\:\Fx\FL~\Ůi-2\Ft*}Q>+T\h<2C\7[P%?չ^5\\\\7}4d\ڥ\||\\?Xa\5\otZ\tPSml\\\ZK=k\\\5c\\Vנ*\nG\(\\\zFS^ZU!\Z3z\w5EqG\f^2\\=~Nn0=\O\r\3Y*6Al^_0\\\%\0}}j\߫*$ߝxԛ:\\8zO92[tM;6ԗp\\\\Í9\\\{+\(M\>6rP#7\0!I)lu؅m\ɏ=\~\n^yxXyˏNE2#\Z\\zױ-\>6\m;%|&A\M⒍?\\n˰=ټY!\(Yz8\\8t!5J\n̅8*\i\^=Ru[\\'\07)L\\"\"6\7\0Jf	p\Jm\s\>0\ Ĝ\U/\%lZu\Q~|r&\\\bꜸ\\\\n:\H\؁PCd$\.cO8A\~b\dzesqT\Z\\Z1Qև-y\\p]\g\O֪\"w4\K	\{\D\D\cK{&9u^hL]نfx;J\|JEݔ`&QN\zH!\e\TۜE{\"\\\\	ȿ;㎚з|H\$-xKW@=\O\0\d\Z\#U42(\Kn\A%m\?\\Ur00m \\v$s\\\ze\.\\\_3\T\8jL\	H˰t|\͘7F\\z\r7\\&Z\7JSMu>\\Z\qn\\\\Z6ҒgIRzPj6B\\}\Z\?y A)[j\"˵wgMN\ιJʰ\ʏ8ofB\\Yaiւ\r\7+oyPc\>ÓUj>\,]\jb\ѱ1\\r\t+\\^epp\C$٥\${.A\n\ll?\$J\:T\\]o[\R\\\0\\\H\\8o8n\,:\\RINhh\\孰\\<L\N\l\\\\j\YpF\j\O%s\r:t~v7A\w4K\\aE%\鼣Ω<T9\GkC\jR;˱OlU5Fͬ/~\BӞ%)\\\(B\`:?x\0Ʉ-&NyS7A\@>cZ\\A\ZbR0\46RYQᕥmy\*\\0c\~\3Tp0Ԟ;0\\l\~\r`9\/BjjUO\0\_Gۯ\Z)\Xjb{uM(~\e^sl*)k{x\\\\\\\\\Co\`ù\}\\\\0h,\\}݉\W\a?\7P\kȜϬ/?}\n{\\\]U7[D|5|\\\Kc\"sh\Õ\nbo+\\G\{s\\\af\\Ǻ\48\1&\bwIDő/cCh\r\ I\T\9dѽ/\ᨋnI/Q\0\Z%+\T\\\\r\\.\RJ:\^cm\gm#>\Q\\lyW뤒[Y\\!tu \|g\s݃:P\E~+Z=\r\3\\\0W7¼\O`?\\zuw*P\(\u?Cp#\}\ߗ!ZRqE\\'fki39\X#\sH\~z{\o/\\O\'\W!W\\\vQ<\o\\߮s\\|\HH.CY\\R[5S\Sз;c\9U=ywK\Mr#\u{ \\\\nɠ`XF>c\\S[F\F\)!G+TX\d\Z(\'\	ڥt\\\n\ \\K\A5([\gŗ\\V\.dp\\W4!\i	>!\]&\{\r\\f	\\FZm_\G\F[>\pi\"\cXC\sޗ\E9.d	y\Y\\&\ٖ\0;^$~Y\*W\\$\l:\<.m\@;_+\!\V\~\\OG\cKe)5~\r-q-՘eۛz}ۻ\u\=\\\\\P8Ufn>0,&͆s)@\Z@ߟ\v\\"\I1\46(\1\)D\\O/A<\_2W?m\\`\8Ւ\e\ik%s\\I\U_:$\HF$ƇW\_\Ev\@\ɼs\z0UKdw\eh\\+D\KC	*\.\\\n*\\Td?CBˬa\jA\'6s!|,	>\":p9b\\ \"l\h\!\E_[Ѷ6\\?\\1I\-cRM!*~\<\kSQ\\\\E?Րqpeրl!\E޺zߠ@S{V\,;BE}~\t\O6h\r>}B\4L[opA\"\z\\Ϸu\0g\F\\kRᲟaxR\"\\cG\\(\Zܡ\\{\ony\\\b\n>Z,\g\"C\T\\\$/Lh|d\s\\\\0KUS#%SGsho\8սK5i\LΒdKܮ\\0c9At\\C\/\OYƾ\.鐘R7A\\r\K豤3\~\b\NVӫ#(X7\\\\\\Z\f)\0W\\\C\\Ph\ܟs4\(\x)ÏU@\\AU{ź%\\"T>n16\)\o3\\\\ͅǄ\\\\\j\'Y{\QN}%\\Y\מH\>QΧO/\rO0j(\\3\źE}\\Z8\L\s/4\f:\\n*xkP\cQ\\0\9Cgd_Ce>VWD*w1\\r8C}-8\z{\H^\\]\\0\"\W\\\E\ ϔ\łT#\{<\]jV\\\\_\\\\\_Ñ\\ِT>\rH|e;SA-&Sim}`}P\&\;/|GJ\\Z6s,&L)eH3\\"\D5\&$Ҋٸ/CjIe&,|p\06wj]$\A\\3lg4\x\:Hؒm\\nwΙ\J`4Ȧ7,R{\Z\\\\kw3acـ?ςK܏\\(\Z{\m\ƋӴy;\\'6>R5i\\WajJW\=Ot@\\xGVw71\\$n@!\Ք\QcڤT\_+o\0\+{\~\\\Eaл\n%dI\L6\RRl0VaAI\ ,f\O8\U<	\0c\jj\yoA^\VEDc\\p\g\+!5s\'F)\8\bw\dγ\;\:bi\0l\\\xU\\\E2&߅C,O\aCA*A¹kRBd\\\)\\^p\=Hr*\\lB\\\Q-\WM\\~\$lW\O\z\\ź|Nт0{\\\.g(}\1\\t6r\ߒS;z?\\y̒|:\HZ\%\7\˞\[R%\Z\uӭ-e\eQ\/+\\UqrG[ǥ\\AC3B+4\fA\~Ҷ\5\29i(Dg\n\ߘA\2WH䎿{&e\\WrL\0[X`Ar\':$1\_\6\O36)d>;\\%{\c\x\\XBܗWGb1\gv)s\p	?\m\\nxe`\n9b%bl \a\Dؘ\~\'xX\^\r(v7\~-/\d-Jd\ i7{\֌mamG\w>\s\r\ꐻC_p*,\\yS\\"\dQyX\Y\.\\CSFr6JyZ,i\v⨛K\d\B\lXɧa$\[\\">F|Sh\/\"5\lUee\\g~RN-\\#Wg5_nD\ D:\\P\QJ\nZ\\=\)I}p\n>\`N>\\Q&\Qfޚ]*\;\n\JB\\)(8X\'\G\V0p2V\R\V?cdٍ8b\\XGvS\|\R\b\0bgE:\\\+pT9\'j\H;\\Y\Q\f4\݂\\.=<߹iV\GB#\՞/P_H҅I\`u1\{l2\\#׬+\\^z\b\jOr5hҟ\Ӣ:$\;s?m\Iv\n\AĞ\b7\\Pz\\{{r\\d{\ܼo+XpEL59\:,o1X|S\v\'d*bѸ|qQ\r\{=Y!4Fx\cߖ\\0U\(-E+1+ՁӀ\5\'\\_*fa_.	g\n\\+CI&\8\'\i\	\q	\##\\\z\^$\\s)\WXu#l\0R\S\d\R\yW:\UTuީ\\\\,f8\3\\N|&\`XM\ߩO60(}\D;<e\Sr\nԯO\goϣ\jVy΅vJ+4HMMKnU9y	\\[Ɠ\ʑ\ª\s\;\\<\;ȓ\\Z\\̎2%ղ,\G\\R\!\\*&C\M\n\M}r(ܦ+\'0h8\v\cZ.\͹[P\JG\'\9d*2:\ZmjR%Yu	j\~\\r;ܢfK~B\bS!5\\\'z\\Z^tb\4@\'3\Z)2<o\r,fg\\\Jw`bϮ#\tJ:\EVV\TI)?\6q\+t\O%Yx?=08`S\7LxO\\0u(=\eup/\Lg4j1\n_\`)u½DBE6P\"q)+Gw1\\}\\0\\\-o\\^WS+\ba|6#Ȁ5GTw\\ZT$\w\\s\X|rV\EB\r?*m\\A\I\r\Qf9^\/#_L\y[~\{O	=F\\׎\W\\L\"\Aq\\n\n?0ǧxh\}\4޽Lq[\V\X׎װ\\0Jşx@\u\@ӉAҠΎqk\\&;N\\\\\n\\\g/\nj|Z΀\/3R;4b:9EQ&\EՉ[	\_N]\JN\\@rI5`C\gj\7\i)\GxəB\nb\WE˳R\/u\\\`\ap6\rM0eM2 KSH\ 2$!0\d\\\+٧8\\2㮹o\\rؕ\\ns\2oZ3\U\rK@7\{Y\4c3\c&CDtҮ<<ԫ\qge_ۂDe\33Z|BTߩ\O.oҬ\\n\'=!X%j$o@;iz(\\D\\.\\0i%8 o\\\c\\\v>\A\"lHy\&/i#ueW`ׇ\'\}\Q↡Z_\-\\]@av\'U\)<}HgJw\"w\4\\\n\\'\\\mu\g\-;\˶\\\PkX`r\\|\Ꮕ:f뵭7ƧhגB,\\q\nXp˪\0\1r`v\Ex\\\>ڳUV\8bTZn\rV\ߘOj*\\\\fB`lkq\}־1\gC\\6#U\sT\0ѽ:j\1~\\\*\[~u\\	&\w >D)\\t:D\'\ڌ\.#W\Z\\/yDE\rZ\\%\4W*p\/xSk\Y\=͛\\$NW6A\nlS>8\/b!\ҕw\\?P\\?Gy\\ftx\"1,\/?}-<\,|]k\|װ\ھ\|SR6\_&gg~$K﫻e2KJvvQ\;|Ug\\<IF|\ίګfs\\ۗU\:!*8\ũ\I\\'\\0\*gr *\6Օ\\'y\TlB#s\nI\\\Z\\o%ރY\`C\\s\\²\\5*;\'\Hӿl_\\}	NG9\"1z\nW\R\{t]\:\\4F:\\nTƎ\\/M*GS\\\0-\{另yKQY̞2*L`iľ[\޿Ǵ\\N\nimV,*\ `yN\\w̃z[ɗ\";	ux\S=mL*\JlL\.~\NU^#\r(\\V\mf\V.kq\Ff\\y1ni\(n\r#1\5\7*ѻ\j|\QQif.gפ`B2T&%\z\i(o]lҏ$|ǣk}tgzW픹\\-\\/:IME~D CӅ5,Fd\A\?,ÖFk\Ƨ\h?B9⨪I(䟭k\\\\ƅ\"Zdz\no[/#5\\k\ݪ\Q#\r,qnbe4q\n\[)\8\\W\'\{\Z\d_gs<8 ]\Ȓ\Z\\1\\r\WCoЧx<>\\Ljo\9\\*{&7\r\+Z2\\7\Wt\\t\\O\\?pX/D%\\[аa7@Կ4y?\\ækg}\ܫ>7l\B\\\uqFx\KnX\\T\h#T\L\\o#>Uv\3x\Ю!$7\\S\\*懲Y˪f$s[\M\"*\\A˩J8V\\PѤ\,ʉ)|z%.n.\tc/cȩ lN\\e\3\#\X+\b\$\\\8uq\9\w\\Ht\A#\n[4\phQ\SW<!ȣ\Ub=3-\ \\{o{Z\n-\\X^G\\HO>@L\~\O10\\0$4pY-ơ\qR9\3Y^\>ŕ#! \p2s\|9_\%A\\ZM-ؓ\rPO녑\g|lI\\rky\rU\LF5.\\\9 i$l9TA엕\\r\kש\|RzuC\n\rԢ\rP\\<w\y[\\h\i\*\\}\\Ec\)5|Rv;Ԅ1m\\6EG\\H3\8o4\\\ϛ\\07үu:ϵdl\i\~\ݫG\g|}b|&\$o؋tf}1\R\"vSWf\_Vl\\"$Q\\Ok/8n\rk\U<	\\= :r;\%\\GpǤ`ύl\r\-\lC~\\&x\\%zv\\W+獷#\S̢[Uw\\M+	)@P\X\r \0\0C\#5\&\ \Q5I\08ѽOMoԮbůd,_J#l̲\\ʔlf\Z4KZ\\FB+B\\iN	@\]\LDڌlBKZc\\vj@qX\ߦ	\m.PK\F\\5F M^\QQߚX\\>ƽ\J4\\\qDC\\\ٟ+cR\=bN(\t\L@+\:\'\a?C\O \{iu7\\'\\H\f\1?{WKNֱq)\$\6y_)Rp[*i`^\>qM\\v{B/m\\\0\'š\`~\#\\\\rFhOY\\B\\O@>\.Ƈ\\\;X`fãC\'\E:ϰROH\0\'\r&~w\U\\.\rktUl\ru\n\ӯ\\V\Ȣ\\wV޺6f^4v׼B\=\5>y:⍍^\\UAj\\s[t\CY^\J\0I\r\*\t\r$Sڲ\\U7WIK_t(@\r+[\\\إS|W[G9\%ae\+r؋哐ĝ-\\Y\0y0#-ѭq)\0ϠW{-<ZR\;16\\u\\\u郤sl\[C̖\E>S\_\);*0j{\cs\M\cb	\'\\Йd\3\\ŞޝjOPz=T\ԡ>ǹK|\Z/\c $ova\\0:\b\D7M\F$\*\\"AmK׾d\\\qG)qr*\\S\Ᏺ\Z3\*Gl6ZG:.PL\\-\)\'\\\=w1\fȝk}\\xBs>c1\\\ÿ\?y\\r)Sq`B3WJ\̐\r4{\\npKI\"d&g0\ٴ	Ɠ{\SQ:l]7*\rb\\\k\mpɟn\ru~\\\<0E.|\Ocs\`\\\#o#7<Fh|5e/_lj@K5\ª\\J\ݷ\K@>@\.(\OJ\'<\\Z\\"İ\UFe\<ᏅaA]\\h=?\N?\&T\\nv\+>2\\lݾiIgF7\pbè\"|Vޓ\\\}=ۃ\?|\4g1-뾪a$F3i,(=\\d\Y[8لJp\'\TY\-s\酖5e\R\g~\\=\JOjh\\}\ntzc\\~~9Txg:\͋4cZ\'6\\i\\\~d4ú=\\\t\+(~U\٤.,.r%~<\r,é<[<HRr\\\UZ\\\+j֜\ vׄ	\V>\ !o\#\ՁE\l\\M{s}7`%\f\YYcnH\XN+Ab\\WEB[\r]}\Bn\\p0HAW!\\|\Z2\\~i	$b-sn\úڮS68c_6u\'ȅDbB\W!\b	h\q\+g\\'\{`\8UIl,\:\\>\H\\;czi-\T\\40ICcy/2l_!gB`mlK\B\+\˯\+CX\\Rv\_Ji1XB>A\ pq\Fƶ\FRDQ\r\i^\s\\xFb\I&n3\Z^^\t*g\\"\鶒Ce~v!\B\{J\8\0&/eNZ\kh\2d#\iN\20\\}\\\+Mq)\+\\\\\\'\\T\\\?)eGֺՂa0h\\0mi\\d\e*t\Us\'[\0\\'wJJb\2~ppSg`Ʒ\\n)TGMöߺ\n@\\'G&\um\\(\XF9&rW\\'-}*bR#,ڑ\t\)!]Ԑ\#_E\몙Z\\\ExY{\\A\r\Q`V\\%\"$\4]*\ch\/ BwՏc޹HpzFAWďQ\ \\pf\"t@rS	;XL	tg<v\rQ\|\M	\	\n]u\\Ir1sWd\aoW\$j0(=\%\rFʣ)u̠\|x9d?\ZSs@Xom\c8~\zm/g\\0rRys\29\&㸀\Z\n蓫v*!&R$o\<Z\؉ߒ\\I܂k/=,\{P,5\\|8ܻo<\=ة\ZV\K\1St̥\5>s\'\M?\/\'^!d\\"\kM\MaD\\!\\l\*\w4іG+R\Rkr;듉׊Dgs\=\0)g/%\\\}Ӈ\\H}\i\bE/\V0О\7\fs\7\rRIFjz猾:1\ș.|\)Ԣݽx	#w2T\\r\0[o,\\VG\\}*\av\\\\\\\\]\\fmx\\\CS<+<Ԣɧ)FJM9G{[$>l\n$b\`E\S#fT<\W\7\O\\%\G1\\|yY\r<\'lK\\0\܆ȱ!Pb7\t^*`op)\\C)mt\R<,P\hvxwN7Ӟ\r\LX5\P\h[\\\6󖻞\\\0)Ə=K$FWWJwr\Cm==r\\M-D\\\8zF\U	\Om\TS»j\<\GU@X\\r\y](z\\,_Ζ1M{	\\[+S\CX\N\}&/\\\06\I\\$L\nF\R\{\;h\X՜\b3᱿ip\\0VyM-\\<i\)\q}L\T;L\1(\d)Uqkg2-\n2z\Za2n򐲓Rm\Zg+?+\\%IZZta*\j\͢o?MLYB\T\w>\\r|ᖥ\j\\F\|aU@;\u>5\y\Łk\\\eK0j\\\" %\ɯIzҭ;&E,V\\CokVN\m\|J?}x }>cu\"U\89n*\\\ct\4c[S\W\=G\>3\nzg$\ڎy\{ ldEP\1\\"Ě%\VC2[W\M!\Lsew!\tKH!M}\\Tx\2\$\KV- ?H2\Z	\U	4\PDvrX\\2m\b\\\HY\j\KNMiEnRv\W>\\\\[/M\n\NoGEa\\\\̞\;\\RF\3B̒a#Mzᅏ`#J?BT\&\\+\?O\5v\r\\"Bw@u;|Ͻ\7\n\gAV3\w+7\\\m\\j\y7?ܢ65`Grvq[jv\'Z+nha,\\q|X\\#\E\\3̹\D\Üo1\0*\O\X Vy\"r\蟚@\a\E;s\0e\[ATTRt$\+xIm\rK\'o\Dm.L]/n>G\\mX;p@\\\ZHJ\\NE: *S[_;\\0v]\M)`qr\"\\w\NKt>\W\\\T?\1\n2\.\Dz+?}7\]2\`BM\\<ʳ@(\,\Y\͸.4)\\\\\Z\$\:\ø\"@j\U*$~5ΌOKcQq\DVd\P\>	)vCh	ܻ\g\R<R֣\(Ky~\#\5\˜(K8x~\\\nR\KyxAIO\Α1{\ep*=\<zM՘F/9ͱ\ \\Mk`\E:5\~5\\/p\Z\!c;\շ\A\C\<n\Z!\x\Ѵ\\[L\\g\H\\_\=\agKOg\J<4\\ZNETm)u\\*\|e>H뻨\\\Dk\"Kr۵R/\a_\Y	V\Մf3%),|\\\\\'\KŶ\?\?\`)\>W\\\\TpdYP\|w\x\\\D%}\G\ǒ\0U`.:é\*zYC1,ˋ1H\ɸB\ZZ\\)-\"J?D\Rq:\\Z\\\\\n3\m)ƷC\\\\-\a#\\Ւ+\4\\\BY(Z?\\3\"\"\\F}\\[\\p\r\]<;$b#\&\ߧ\h0D5QJ\{R10+\\9Jz\@\\j:p\n\l\؇t[˅EGF\_\F#Ǜ\nN\ rUeK\.V6im^\\\q\?I0i-LKR\f2\-\?xl\\i2\vBZ$\\fĆv\Z9\ M	\\&\"k\\"ݑT\(,u/\\(c!\M}\r\CՀQ\L8rz2\O]\'%\0P\\8ݿ\dP\wjlO3pط\\өx[t͜ec\Gn~\ukH\"	F}&0\Q#QAUs\nrʕ\\ h-G{\uL\s\\"^3\@5\\\\r\eZ=!F\\C]g\̯S܆{xda0_If\\I;ߖ$QKXHm^5+\cD\\\Z\\\_!OBȍ\m\\v¿&m,,]}\\\x\(\70kˬ~Cb/\Y\^\QX\W\KݏD2\7%;X\:W\@%C\\r\\jU  qdh{\\#\&\矘\@\\Z65oo/M5zy*a0v\4s75p\hOp	7J^A\x,=jP\/ \a\\N@{t(CGegZ\\\ZvcFD\~οvd\'pk]\N\[?2*|+yQY9*Zl\8\W\7<Sjwɣ\pqiQ\\\x<!\\7\'\}%MrE\$\62<\0\\\J=\\c\9\\\\Z\\\\Q2\B	i\ڶ:\f\=\T\\\`\%9,O\:\M%ÑB\\)\<|>29cFn\\\p\\\n^\ug+@jŴ	\S^QzR90\\r\g\\|3\Z0ɋP49꧜#M\!C9\5P;\p\%\!w@Y\\OI1\\\\gpISn\Nm728N\\!@Wz\nh\Z+1hכ\\0dĐ\Y^~g\"\4˻NW\n\\\\\*>u9QE>TG#s@ߤ`/,b<|wj\Fevy()TD}jgK>˳\W	X\\W\k\8\>\\h\6w#]蜤\.`jJB0\LC\Ln\\\z\\ܳ\2Z\$\\Gl㏮vV	L\\b\\\8G\\;(hNWԻݡO?\\|}s*\xg0^촘kml1oI5l}\E\Z\	4cg.`YS\I\*\\r@\ZJ-Da\o\\\0\7=CW)5O\X\dfXE)W\r\\6\2\S\@\律\\X\l\\\n3\Uw\gZ\\\v\vZ\\\W&\Z{0R(G`?8\\\q~U\c\\g3>ZB\잾LEvc:\$\d?\\[4F\\#\\o\\\/\g\j]\DXQt=:C\\X!B\0:\\4\c=\\/!%y8\(\|IʶC\y\$r\♗\(n>t\oH\.=Og\r\l\\\Q\)k\a\~\Yj\)\d\v#py\Z\'l}dih\brF\L\0\J2U\R\]\0<=Y_6A\<Cxy\OXww\H\\8\\n\\\2\yUV>\\.\s\\撓}qh֨,4ƞ\Fn\\"5Qxí(+4d\]\<\,)K\\Z@_0k`\\%®-\d6\\#	\?{\\\[(\T\\=󋹭wK*\\"o\\ק\=B.]\r)H~GV\nn$+xO?bq8F%y:{G^\Vs]a\ZXnfD\\v\7]C\\M\)[\\.8!-O@ɿYn_?µNv\\r\*C@Wo\\-!Kskۿ=DB\\|˚øDt\r33lj\\-\*Ԣk\jEWh\Jg:\J\\]ۺ\\~3JG\\7	L\\e\.&ȑ+̣7>\Z\\s\19i\\?+\\0l^\\I\nqLd`\?\b?v\p0\\8ະ\<\'7h+\'6c	>\9\3\,T\?\\>\\UhG腽5dL#c?&pR#/\,镼p²>\O?\0~Pv	XJx$ب{,A\dKWI\;\&\%%\M|ӛi!؜<j:Ts>;TbbX{Z\E\\\b\\)iʏ\\Fe5\\v:)J\|bwm\\\@2E\\*[\\\'͘%.\Zg\rGkS[P0\\.+N\}h\P׺.J\d\aWz\m7lh]v^,\\Z֜;${!(<*\"u\\uٞ;ߥ;i\Č*8\ACmtQ\9}\^\s[::ɗƹDF\%\\w\\,\\?lAu\n6rSe\$D],cs\ȝ?5\\7\L\'\\\8~v-~7g}\\I:Ţjk\Mχסs%,̥\r堔sa58H\0\\\\c=8\e4\\w3\5a-\a+<\"5\\}ݞ\\;~(Y\\1-qE\ќ\5܄\>aJ\\w\݄c\\\\}XK?\\6\\R&1\ZI߮+q\'\֞Y\Y&`L571įMSڲ\D\\n\.I\U\1\B)\y0D9`\%\<7$J\<\&@:7kfvS/\\ms\0\e +S,J);&+͜٧6ҀO\%\Ě{Ţxh=n\\X\eq76\\u_ci r\\*\c\{\\3~\aﶝ\[\ \U\n\q\\ߞ2f?@5nm}dJ\\$4\QQx4\ne_\\"87*Kfܩ xMQ%Nq1/|+?¦>\\\\'\\ngcSL[\0qonbRZe |\\)pK+Ͽ\ٚ\܍*LٶB۪\\f\\yg9\_@p\}i\%d-M>2	\\<li\4_\;Oہ\n-EW\\\*\n\\v:\nFD.^O}\H\땕UeKo&\	\ɍ<\F\тL!W.\\lP\X\=R8U\ڃS\!{qȘų7\0%Z\v(|2\0\u\QV\07[\m\"vi4\0@\	B\i?+$\{\5\̸H4,ʶ2jS#\#T<Ŭg\rrӛͤ\!T;L|\8Pe	MtN\\Et\B\\sfE\}I6<\1ol\,]h\\\0\\  1\@\"y㫭C\nov}k\\\0\}ZǦȡA_\,[\N9\G2g\\1(\]@\\\r6\n6M\Jh\k6R_zZ\\S\cpE~\_\N<K\CW1c\NלBa,֍¥\u\|@p_ZJ`\U\\\\k\D[\f\\ϔ6)\\Hx6/\{:+Hkn5^f\\7$̭9m\']Ͱٍŉ\ru\\\n+`\Aa%{\\|t\\rv\\[?RS\@\\p\A\^M\\O\wbta\\"8!\"stg)mxVki\"pD_|7\0\0wW\v\gA*\\4cO~`yCAe^I#.w\\=WH\\\q^QUp)_)2\i!R`_yHw4\\\KZ\zx~c\Bl\y9\rR^`)`\!\2,[A.eӔy*y$\<1\wL\Pӓ65ܗ\\ZC5P\qKxĪ\\ƑI\\0}J\0\0@4k6=.a`\1 -D\\'l=|\\_)څ \\؁&ls]\}A$\_)Qn\c3\5~j{H\Z\\\\\\ɔc\"\\"\\0ah\0*\S\(&\wY\\}ֈе\\\x\X#4q~Z0!ZgRά\ !vc\rIZE7}χ.M1&\HeR@\l	{%!x-\\0p80\cDwV_XQ\\\)Xe\0I`~y^	\7} Ƒ\r\u^U\5($\.rL/\cR.\r\4WWJ`FwPƘzQBB\eG|@\!Al\\ɌKtMc<Oie7\\'(2TGI\kL>7/\/eGH\#\0Z֧\0\D\'S_ѩ\Rm\@\l\%8`6\3Oh\Hb3d^\\\cZ\'=	-\".tPHQVE\"{6ogb\\Q*-\[C\ަVDk\RO-\`wD1r\\O_\\5;Ǡ?\nޡ*h\ZEknt%tR;˽[\h-\iN/\"><\n\ZF.R߄OSC>.\2	/\\ZE\\Pe7꼭1Wã5{\s\\Z\,\UC%\\\0\WnAη/\\V\֭\{	fm6{C\^,Re}_\\"\\\r\U1\Z\Y(ڂ9[7\\\ZIȴ}=[O\\\\\0N\p?\"c˲f\\.ٗ1\\bEx.\\\£\\\N\\0\n͏Aiy\\r	\ZFr	\n$p\0S-\O*QJ\\Z\Z#g4\ҌB\U\Ɛ\\*A\\M\$\\H[bԞs1\:\'\"\Z;\~\IO:=l|M\%e0Hz\O\\c\^ێbsj\Y4F\|PA\|d\rfNB*cV4Ne\,\0\ɼp\0+\vr\\\\?v	\7\t1R\4`K\\\J\EXJeZK-;\0]Z\: \@\\*=\Oq\\\1B\m\n6%qP?u\R8\1;\dujcQ\`yW!z:\*;,VH\\\Zߨ2ی\"v\\RuiڱqvG\\&\\\oOȧb\ebti^O@@di\ߊ\v\0O~W2t\Y\\RV\JM.1U\E\j<y:\hBքvcJ\J7Qcc\rr\İ/:B\!\4S\0iZ\cjJHv\Wi{\$|\rN1>	2l$?\\&\\)W*{L|=!F_[\A*\Cxc)e\=\(s\nh\\fUX5HM\C\;Pn	\P%6\\0-o\vU\|F_1dS\[Sѐ{̕Vȥ\\Krj=	\\VIQ0Uy $M<\oqm3\+1\'K\Ad\ތ\=~AXAD\l-sكZB\\Zc\0C\x\T\d#\-\W\oUQ\Z;U1 \r?д(a˧l\ouc ʿqI\f\05\\c-T?O\)KjB_t\0J\\\\,![bǐB\`\\d\x;\X`YR$]itB{\ԗuY\\sx\rL]B%@\ >7?\nip%Z\\\\NWp=bd\5@l\rb)8t}\PȠ\-\\b`m	o4\A\Z,s\}އ6u0\\[1IA\rSP\XamYj*\{ah~-)ȇLP\0\\H$Y+\!Yػ^b\}\\o4BT3`m*.sՎI7g\x\%$9|\\H\nT\\|\x?\"!ژ8Bؖ\H\\,jo>F\jFk_\a\:#\T&\rSH\\Oe{n\U4\\|l\ft\iU@\"F\B\\m(\vyJ{?KB\\/\HfFu\\\ Ԯ]~2m?\\c\%\npy,˟\'\\ǹAl^Ip6\n{D˾H\\Nǘl\ހ\\\\/\\\\@vԅ\\%($W%0+\0\g[%nFQy\a>\\R{\\\"\\}\xMTyUd\3gzHi9u\\\8+h\/%\\I\"@hW-\HY\`AK?\-H$3j\=]H\J\'3\v\rTۚJcj)	v_P\b5\+\WN/`E2Q=X6s{p:f ^\tB%@5)KNqdx\[\0HX*\Q	:\$N\\vw񡔏\\th]V\'\W۲8:_1J	\\\\\rRY\X\]N\e\\ZH\\\\\CZ/h*a hD%Q\\U\A`}>1\Mf.\\\Q\Ω<\=H?\Q\\Dz\BPD*h~ P?x9\\*+\\0Bn\rG6D	TB\Zzg}534\a:\0|s%\\\'\N\\lY4\ɨ@\)RR	?\>f&We\"48RcyHQ1@lX盠\\\|F{\̸hf\y;o\Zpw\A\V_J\\-(JqMZ\\\\UȩK;yCtN?jh (!g\\\\_@\UO\IW\\\\)\cE|P붰@2m\e^[\"rC\\\0tAQ/Sx\\!\XM\8xX:~!\\?Z&$\[̆+%\uD\ȼըb\'3HŶ;sk%4Pϖ}-Bzx\0YY~@AYzp:^5pqvp\Qߊ$e.GŢ\r\\\n?h\\\ڿnm8g?o\\;EON.hIͲ l>rtgJ#X\\/𚂏\0\{ȠRZC\\ 2T3Ӥǈ\h[j =hܥM\D3B\(\n\Z$\Y\\EY\d?Aq4\Zj2\uH\\(z\[?p4%5ІTk$顐Q\rx\\n$ID$޸eШl\\(`Dnm->I,m\r*\rs\*\\\rzԊBKISx\Z#$\L4ZU\_^i\Xj,\\}\q+4\2t\o&?J\;`\0sxKL\e995\Z\\'\05\PX\0.bO$S I?@u\n\\Z:\I\ޤ>y\[9\\^;-\$8_^AY\nc\\\\²}s>\R\)`\~1n;\6\\\,\ƈ\\$u6,\MMZh0E\6rd\r\\(vֺǻ$&$\\F3\PuC \!\\.;(>ه8wkݠ\	\\"?	$\\\4l\a8c	82kK\U\\\J\h4\\b?j\|F\Vsצ)_\\ޯ<\S\>\"#ն\2Y\ٕ\tۍ߬᩹%4\T\\q\"b!6RW`ӆն:\Lj\\4\AO#M~қiR\Su\nagsaIz\tBf\5F\n͗)L\\Gt\C%䌢\54ҝ\'D\\>\\\/\[\݀}!W\\O7\\pVl0\"ۍp\\9.dǞ+ޭv0Y\\$:\j#оJSREY{?VqA\}6ȓ4\rv>:X~ ?߳Y\|E\'VIk~\%`l^\\.$m MKp #KK|\ƩX3Oy\T4Y8\\rt\E[p&e<M7\F\\'\=3tc\\\,LSF\z#ҧO+A3\ʗ)R3&\\30\\y\\/{PO\m\\nOW$<\b\M\rhX\\AZCH\'?\'\\Nt)rsRݕxRiO{xbqS\rZ\'5cYO\'\\\\ \V<I1r$Q!\dd\j=\Z\\KV\ȡg\":oqŶ\Zl*CN@0Tx}\ZZɾ{-\Z%V?iяGX\Lŏ\\\=\"\r\\k\^z=xϒV4:\U\^	;!bgo\nZƹ\C2\&\}7\1\nTi.\Κ͉B=i!XXh\Shk&\jLi`\B?\䤊\	v\H\R\;z\^|q\}Dl\\jf(\tc-#7=x4@BK|5;;\$\\\ì\\B{\\u( t\\$\7\']?\'j\\bYT4=0sew\'-\WV/2то[Sp=Vya\'\nh,1QG/\N+Fx\'4F8\\532&\<\s穀1%65<\\:R\<Ac\n\\ntc\"\M,\\E\\\&W.O\,\\ި\r\Q3kG W]\H{;{\rMjZ\~R\\!L\X[ҩ@\5\Yz_\Ы\x\\mcMO\%\\KLv+20Vr\J\\'2u\\̓\gb{\BӮH\B&CC\\BAo\,\׾\>\26a2(2(b]s\.)5\ŧ&\\g*V\뛇\8)S!4b\\J[\\+o4\0by\0!\l)!NU}[\2(\O\\ڴ9e\Iݮ\Y\\5}]a7꾚\"Qg\u\\z&듖n;\7\} Y\:S`\0n\r\kr\\آ:w~p3\\"\\|>	\i\bKsO%Li,\X<B\H+\r}źo;T5\D/\0<\'O\'=pkvV\O\hU1ۂnN\\n%\\\\[5DAVR\Wޢe\\@\\\\\Rc7\Ab_3\^Fj;Y6\m\isg\\0%&No8\B\3\U#Ruf\>9VcZ;\nj0uH\25\\rj)@5\;Pb\q}QZ7U\\>[gX\ǓꓟC`uq\\Z ѤOHf\u+\l傇\M\K\2)\Zyg;C\Yx\"\"v< Db\\@\f\uļrDOɘ\Z6]J\>1\*1RJ\"RMC\Ohw$J*\,\R9\'xg\Յ\5H|+<;\KtVzx\w}M\e\DRrl\>OX\㣯LR\n#[8\s\\ր3ܘ\1Uƛ\'6k\v\'@\\\ޡQ>&\\Wl\0GݳHg\\\/BQpUr\T\'\T\[OT[Q\q%\ y\\\A\6\\0\t\\Z\'(\G\Jnуdʡc!\\\\=+\\d6+kyμ,:{>\ix\Z],ԓ\Ԑgb\Yo\Y\6yX\\Яm@_\T h\"vKO\q#\\Z\ذ*\\"\T\\l`׉bfw\\yJ\"\\vh5O\yl\2׀K^g\\nY#eoۏǈ\ƒ\!pk\h\LIIqbr\\\;\"~60_6u$Btf\\\p8\!o8\4:\\n&\\\j8Fo]\J\.\}n*\MK\\C\02-\\O*\\g\}4#\/~\b,Dh\\mXGo79g\s$j@\ŏ&9C\	<.cJ\e|\g썽a;8l,*)\;6SF\\Q]\|m\<dj۵\ѧLM\\n&/|*#;OB$,nN\\\\\HC\\\\\0\Kpc\\\\\W\\nykq?1t\"\\\b	y\ZyRJSBD`v&S(Tuum\\sLm}x\f-޸y\V.,Z%\'\n\"o\\ro-BA\\%\;~}\}\,+^)\]\M㩉\n86BH;\\0@&tw>`\_1x<*C \0\!ժ\g\\"m\jI?\C\0^\>_,\7\0\x?\#\0![&\pq\nP#ڍ!S줬\pE\=\\ݼ(\rŔ,ܜ\\\b7$\\$y\+#YSpmU7\'\@h\><#\y*\Rt\3{m\ȸ$g&#\xW%\\r\OafD$\\gy\\'\\sp\i\]߬rL^\Cu\c \{\\-WH\\p\#*i@\\\+\@\<$l/~pRle\Bi2\\`{\ۗ\ny\\\\pr]倸=_k\\\=\s_\\\\\P \`\\X\WU?\\\%z\͟\Iδ\Z\S06Ipʠ\\hh**3\sԺ \yҰ$Fa%QPh}xHe\\\|\\3\\jØ\\'Y()P\r!=j\\	\w\W>\\\\0۹HŞՌf|8t&\\I5쐞6T!\V\'}u\ZUp]xH\ݹV]P$\\$8\9rH388nq(5\-cY\r.\_#`PR\\ZGmj\\\\ \Gn\pyX\p\|D13$b)\Ye[\\:\\\>\\6܎D\D~:col\P\O\7S\l\'0\0C]᜹\AO\M[]p..t-\\̧~&X\!xL}D\\T|2\ۤ\\i \\ҕJ\୴؏ճ#ؑcTU\'\=\0V/%F[`:x\rO\n(ެ.ǒ\r;\}:TnP񆯇\\^J<H)q5U1Ɍd( j\r?\rbA	R5\$W\¾\)[\Z\\#\B6;&kH_\\\(\\089\j\[R2\bt\\m~\\Dq;틑)%(C\\"t\\\ES8]g!O\ZĔB\"00w3\<O\"p\s:h\\{?y8;\"MI\#`g\S\r\\s\(\}\\Kh?\\'\\0;S\?\\\'@\t\^\TN8u_]DrNA?\t\=\BEI;1@tL\0mv>*M$\'g\\\Jh\\*\MqÁ빕o#P%\uW@O\E9Np	\2\$R\Y\\4\S5quGP\g\Z0iߗ`\\D$AVc#cq9!BM,WP\\"\	Y\0}MHZ\>T\D<)Q[\*Xt?\^g=\3f\r\|\`\\\zF2/\	ND\\r\݁\'!p?2\[\"\\{/&e\n$7\^_ M\K\\.\\4/F^Q|\r36\>M>(\ʫ\Zrq\\V\H\0z\qURuM\'qQ\\T\5h\\Q\"\l`\RUF}RdYaӾYDbtI/A; P[\"l+$B\|9nMP\{X[\:d\Y\YNț\F7w].l\nR&\\B8PƗ496mrjeƝ$4\SE\\ZF4a(\ZWvK\~\\[\hU7,\ҧѭL\W\]l\\#\\^Э4G:H\U!{p\}\@]\d3>qqʶ_>w@Tz\'66\0\	+l\\\Tm\]{Fr\F\b\Ų.\T\\uUl\eYGb4\|UEl\z&\\7S\,\-w\r\"&ڹ_g<UDw\XN#\\PI>Üˇ44\aȥ\d\?mg)\c\70[\\d``S\Wbe2\&$`G\\ؾE\*3\\_\0%v\0\C\gj2NAi܃-YO\D\\Z䕄\f3G\\:CGg?Z\[\'Ѻ@\\h\Oa\mW]^KƄ\\\ܧ1V\Gy~~\\0\K4Jy\\R*\\G\\\l4Ǵ&n{T\ޔi\:֌\.4ES\-\֭\\\\p\rnKabx	ńPީ(yc\\`u-U\ Y\\^	T?\'\_L\fV5e\Z5\[Z7ٴUKt}em\a_\M.Zh\\na\\GC!D\\{\\m\!Yh\X\h塦\G	j\\p`\nk\$Pf\Z^:3?FE=\0\f\d9qڕ\Z,.\&\\'z\\py\B7\\05AWC=\ZW\Z\s\'\F\A\\?$\\qĳۏ\y;r\0\^8ŊqǮ\Yh/X.Y\]\E\\b\=8o_\\ŀrv\h\'\\Z-ia| TsW8h\l\p{-Zb\^\\g;~$I/\rF\9I{\ɖ\Ȫ\55OQM\M#17¡O,\|8S\Gŏ}U}L\MSMY	\;6\\*tFb\\0g\N\q5\o>\0JK	u+R?ñ#q\ȣ5fUK8%u\\|8%\±^?j˖\+\\*U\,K:QX\'}\\jZ\>̺\ ѧKY\[	\t%\Z[\\.X\]v]\Zk0Š|Y4yS@,XvΧ\0FW>I˗sW-D^!|p\\\y\\gx\ܚni\oȝ\\7\_\\ (\:\I\a`\t`I\"/\\3vOtX\C\Ѳ6\D\\x)Ntس\\Su	7\FAރ\2Gq]\ASШHꉸʁ!\Z]7X\0\\r\\9\09[&\'\X\0N*RZ\g\x\w;N\R\\\\d\u4\c\n5D(\x\V:\\ᠠQD\\\UZ\ pD\m1 \_\\\Ͼ\Rg\\Ǥ\L6pb& nE<,b4\K\O0E#mؼ\i{F:leZD \\/\! \q|\\)%VrٔxXl	n>oX5\Wa5\n5!_وz;@nFV߹B^\\u\\<\\虍\8ph\\\l\^G،pJ\2\'4\\0F\a}8[3TIWXk~w5΂Ζ\r\,\{i\\Q(\e\\J\s_TU\n\\L\\7O8\Pp\Z	b´\QZ\\{u_2W2٬\~7\\W\\0\]\BSɢ\":/\ᠡp\9㑢7\\x~\\\r\l\v,\mp\C\e^\W]\lI\nKV=Ҿ~ɍj`\_c\@Z	\t&|*]\*/mM@:\\jS% \rP?&	³BO\1_l\\Z-Lr\Q&/PxVJȼ\DVս\56\d-H`?\\*DZpFvT8\{H݃b7\5\NEcOj&!drM \R1#K`b\-\K~6,\>5$aW)m#P\z(;iX*s\\gV\Z\\9rgx-:\p\\_\\Tl@>%VD 6\v(\WVU1;\\K\ZR\r\\(\VNj=\ǓU\"NG\-j	Lo\`JŽV5U\\\Kt~;\|\\\\\񾮩\g\"XJ+b\\\p)\\\\/\3\\\AZM\\w4G2;0\Hj4;u\%\L~[o\`еK!đRi˴VI\\h0\>	\n}=yEiף}H\'JI\_\P\\\\keY	\\t0s&q*4\w\^]\\0\n\"!^mm=޳\_	\CN}#\\\ْ,ϑsr]ؓ\\\^߈w\\dƓ-\r\0~\J4	s8\.ٮm\n	*\'<\Lz&Luٔ\\;YL\}\n\\M\}sk\0o#\e\XL\!%>YgFsݣQrj3ɟ3\z-&qz=\0\0`\n\SR	\M\\Z\hi\9EpA\6ŷ]/\՘\'J+50:h_\^\Yi\g[h\z\m\B2UVCb-F\^N\\VYΐQ\rurxD\"Y\=\\֚x\rU!:`ա\P\0`7{ \1\Y\\7\Zq*\̶\\Rŏ@qJ-\6>]|\t>\rn#ߛu\0!\%(I۫L\\nR\4\\(\i	(O\0I.\n0|\:\\ƥH;8l\\\\\r`J暟t#T\\>n\\i\ꠥrY\nk\\)9fܝ\yv7/Y1Gŗ)m\p\%9uHVk\jU^Qe(G\n5Ӵ\\m\\ZŦt\@?j\J_#-\js\\r%\\nLɭ!9G¦\Z\y\0rE*8SN7Kz4:\c4E\\I#(\Z_\r(3AxmY\'\J\l)\\\u#S\pL(eA(d\	U$\\op*=\\7p\Y\b?\\n/ zvz׭<\\so\$\Îq0\\\1=+\26(\O̍/Ш\@$\\NJN<t_\p,\'\\[@\\0j0=\\wiޒ~+#\d\𮣼BCVY\˴w&-La%9,x\F\E\`\б\mjB+m|1[:vŧ\ZJ\Yq$\~\vV,PyC\^\\QRe[؊/rp\C\Rm3umR\A\=O\l\2:dЫ?e\\\\]&/\GeE\f~#)pub瓉\\wr\zXP)j5bhQ&\Z\0ҲsfօpZ2A5Z`	dL\ֺi\}\\[u\(˯\\8\-̅\d_F\\\nHZB\',l84[˄:joGzM\\_K=\	\S\\PHLu|Umcnq\u\\7a\ZwOa\/\]\r^=W\r],{d$|@H9\npBD\f;\\\mr22Eȷ\7r\'(3ok2-\\n]]AG[y	\)=\JnV\00Zz7UPtV%\=^t\Z+4\|o\1qG,Eދ-\08(P(2\\\CRgqԥ9#L]\'U]\",	^Hֻ\8̐\\\o;ѱ\]rQ0l\_ϗm\^>uA\h|\\n%V\\-v<\)6x,\bhy>W0\\n.HO\\\qoJx\Z\+wy>>\\pkΧz\%w8o\ɶΐK\N\r<1C8\\\nk\l\\(\M\\I\'\\;݄*W\P\7\\: B\iw\[H\\\\n\r<%=\\H\ѳiwΐR\)H\<E\K\0C*PB\'d[eb$غzL6\e_{/\\\#d\\Kx\`\"\\\uA>p\\jpO\`@w.E\"\ߴ\,\MU\\':5\)\y9ޠ\\P<0h\\6\ d\'C\yS\\v\|˷\Lg\CB52f9\ׇ\Y*J\bg\\%\f\r\\\s#).%\"zrt\Z	~\P\\\T\\\W\}֜\߈`3P\"dr~96\\v9hъUH:B<(/	e\0\EjR-\r$3I<tT\r\\\.fGuOo4>һsG\IXI\K\Q!**\#\ \-)N<\'AHuj(ٽ@rT+J\E\\LVhWb\n\R\\4PJX\\r]g?-:&1\K	g}ݤ\2t2y\\J\'@1\V٩1\B\Q\nD\\Y\\\ZՎ!>XD;w$쁝1 \\r\\Z\\H\0~\7T\8\0,Il`\\\V\\*\jaWIczBGį䬪3\Ĳh?~RHD\t\\ZI\tϰļ\l\g,\8\$\:u\4\4\\\|\T<\1xI	Ս6\u\\\&vɀ:c\\t,\u\\\;\'.y\\	\qAd)\wŶ\\<\r$OŬ\nz,G(\\T\\\L\@W\/b\\7=RhC;	\hEw\]\Zܸ\4m\3!_y\\b\\V]5\ֶ敕prN|!UxD\;!e\хx]~ӿv]\(-aM.~g\\Ge<\\\n\Z\ \\\\ZT<\S\Sy\\0ټ\~\@luu,\q[\\\fyuR*׌$\5w\\q\Z±/\f\\\J\bTޙJ/F𐍽$3\\)>\\reHoG(nD\\\w\\\\c\_<\/ъs\.Mϣ\\5I%y\_Q\4\\%æ}r\x\\[ݸ!%Cݘ\\\0¾\arin\iթV9YrF\;\\\.\\Fע\vi\ZmY6U\r{3.˼\\nۻuu\8\3_\ \U\\h,&/}r-\ZH\"\%\BO.\(\0\ZnmV\Hҝ\t%v\'\'X\S}$\|\\\\sc\!Q\Qh%i\\z\r\z%\3X˝a\\|$~u-\n9\1\\nA!\ntx]Űݒ{\3\\SJ\ܥ}D]\iLņDY\r0#י~\nG:\lфB[D\$\j!\w\"2x5$<Ŷ\\`\\A~R\\2д*=\rY\\E6SȅZ\\H7\Z+\i\\)\rO#\R)\iʲXR\R4AH\0\~Dǌ\d\9\<p$]	3X8R^<}<צz\b(n\Yb!i!fX\ώ\\J2\L 44nta.쁑\2;;g!\IQ=\\Z%?\0d\\Z1!/\n\nE\FҖ%  p=\mAQΨ\Bb\\O.\Oq\\3\\XBVs\k;H\s,\\rr\rZ\x\\R\J8\Z$\\C\Y=\\$f\\r|\\\վ\uي\̪v8e@\n7\\@oQ90i%\P\\<Oi\n\Jr\~\j\M\\F\r.P\qV\\t\M0/\n\`\[\==\cy.=F\mLMiJkaI\]lB\n1hp\id^2\M\\\%}̤}Z\jE\$Mx\i\$H\_\Md\\p7l\,\QK\ϴT\A3.\Zg\\\e\9`\ש.:r:ް/_۫[.L)-L>cyfX%,ǣjxF\ܘ\\h\'3CXdg;ً4{\RD\\\|Yݵg!\\]\r)\Fo3{\$\Җ.J\1)9i\B\ǅhv\r}\n$٦R7Gp3PjwY\a\vT\\/E\ZH%כ,y\2}\\M]˚)ONN}\!E^\%\"FO4\";R%\!8zAp\\f=\Z愡0\0Q/x\\]\Z\2Q.C,\@Ɍ`\!sN),A2\/)BXwmb_u	K2=w\?^lBGg¿;_4k\NE9,.\/	+i1О3ÿ3߅,G\\\߳uiSC!d\d$8\ :}\d\\\\"X0\h\\n[1Tv\\\y9\r-\\BH鍔\\ě\rF=Z8\Rn\\\=b\x$\"\UyO\|[\\T\Ub&\\e,ߠ\_\\\2i>W/nڸ\\")l]O5YӾR\U\Ze/`$\\ap_\\mu3ƭn$K5\\;WPwUG\ayPnN\"\\TіQY!\\0Ex|gͿb\nKֵBx?\ԉgr\Ky7y\0-&¼h[ū\\4A\l\Z$\\\ Om`\Z30xQ\\@\\\U6\Lt\R\'r7Z-4&	\-\\yv4\X$\?egAKYu\:-q\~\)&AhD.9T\\%87ͭ.H./\tmjĚ\Z |\\Գ^gg<\ .y\O^VS6\p\0\kR&5[\\f\Z\>p\y3EF&=&\\%%\&t\ جo\\8v(,4%\m֓ƯOB\\rJg\q\`\>\\$%_\\\"p\a~\i\\"Bqfal+~\\	Yt\\z!\'\\\	P\U\\sJEi\\)pND Gޢy4K\5,\r9Oh{\4	\ڱ=Fs\]nn7Z3ii}\.م\\rF\"\3\<\\'8\H1BǭnSNʘ\<\H\M3[Sʯ)\R\\I\'\}׸\U \̋KS\\+\`&>5\BrQט\K7H\Zŵ\\\xb{o\G\0fK75IG[\\ݬs)\\Jr\뗭l\/\\ش\Ԛ`\Xfg\ՠq\H,\c99\b.j\GwA):\?Լ\e\)ŬP1\\A6Ov\n\"9(7\N=QW[N{{\\b\:sv]\8܌jĘ\\?`¬vf\Xf\*\{\Z\/\c\Bj\\\>⢙wy\HWl\lXG&Lp\7Ǜ)\Áo\*\\\iدC\\ӽ	9!\.*v\\,Ln\roL\0UBȎ\]D1D(+u	<ؽvC\\OyZ\\\7\13\BQ)\\T\/\n{\\Z\n\Z#S\0r$\Y<\D\\\m\ZPNg((\\	@\\9q4*\\nӱhNa\^\ [\|_\`\j=R\\\p\"ptY+\\\\\7\r\?v{\\BG\\\\n|~ځ\Ǚ-&\OQ\0\rU-\99\.\o\\兟4\>\\)\\rZJ\ b\dT<M\r?\\\2\^Hhu(ﴣˢ\Z\!r\FGJl \1ftW Z\\r9եг#!\nWm4k\\\V^C,t\\\\'W:Tҍ(́\n-\\"\S,dYoVa>/yvΚ\v-lAK[ɪ4cH\0\)\\g[D	j\XOɔ 5\'FנQT\4\"x\\#\×\0\\n\\"[\$|V\.]lQ\r\\\5MfJycJM\u\\.\\Tek\\0l\ƍm\JgǹbJ\n\94Bm\M\*Rj\W\Ŕ>`\re\, \nTqA\f\\r1:\\A\'@O\'i@?b]^\1)u	U\+i\wf\@\\'ϩ\\\\\r:O:{AGj$ç\'\a*\%7\\'\c˚ƵZD?`㓣\&tE%-a2<Y_\Ufq)\'\\"G\	2`k](\E\S\\xFr\[؆˞\x@\d)\7ruӳ\n\(ecDl1SG}@\nR \\Z4\\0\~4Ć\\\xV\\\\\h0M \5r{\7\I+OR|	\N\=6<J\Tʝ\ sx8\n\` }F\}\\rt\~z\4\5\?1 q\n&hl>z\7\\\\\"p c\ۉPږ\9(\{\ 	\J#ȻQK²8\G\M\z6V=\\f\0\7\Lm皟\Ж;=(n0\\\\`;ڄ\#8b\0\`\\9\\\Nv\\E\$\j \G\Zz\\\u\kw\n0\z\i݊0ZN]\jJ\1qQe(dz.Z7!\\R\\'\"k*F:[GG\k?(j\ZR\(\dtJ窎T2vEzhϪP1\NYu\(^\q6Wa#0\'Y4GFy\\'B]\\ZsB\L+F\'>NS{t>mSb?uM\vοy)T\Z\\\rz\Z\ɷ\/t<f<o\R)\nHe#\_Vڑ<qy\k	\'\"Fk\u \R\2ĺ\Ftq\ksWxN%L\\\1?x)V1\Z\\ 乢+O/ƋP\k;HK\\CެT \n+!%wo\\N\=0\\\xD\\϶\\63\҈<6\A}\rL\^:4_\\5܉]ì.2\iQK\ZkaK3>\\\\\^4\Szcm	9{\^[Fil\'\͜D\X2b4N\\	}C5kNd\\n%kat4,\*\R\\s\%=\(#<fN<EDevL՝/\yHv/\H̑\\U1\1u\ZӛpLRS\m9\ĒW~eɺ}\\\^Gl\\\\y.d_\\n;\$S\\\۹o1\;[d\[\`O\UW1F>.\n\\[Aܫ@,`\k\ڻ*5\t}ğ6ۉ R*_cxy\#\CU6ܲ\D3d\e\ʤ\\K;ʪ\ۚ\0	˒W!\/н|\Q\7)rZ>\iRQ\\0FVSȶ@B6\4&\\\_9\\\\2|R\{`|X]^\0p\"\[\\0\h>Jo\q:i ZDK\\AFz\)\h|cı+UzS\lҫf~\\nScz\\o.@JaH \t\\b00XJb\2U	\:SU\"wֆ&s	Yq\\}\'Y\kϸ>\n\\n\\\ \s~V^-\Z~E@q \\\.&J*Ĩ7_0@|6K}\\5cD`)\\0q0qI\\|Rw\r\\ZǇk81ZL\',׾\ɍ<,Mrk\\\\hWo\\AX\&\\K\\^Ir,Vh\\\\rp\׶M\0\oCľ\9o!#\\\i\\\&\\W\/\Z@.\"˚xdr=wmComTy\Z\.\Z \njmNK\\\\w&\b**5.vl/\\\\"C\%rq{\nSۮqxݪ\\Hͻ\NNC;\A=\Y\X`\\&{t \]%UR\0N۸\x6/m)\_\kCdl\\\\#.h8\ڊk\q\ޮ\rY)c\O\?@\=v3\Il\dq\8\R\\	ki\\\WM\#q{=ʞΖ\IO8M7\\%SFDX;)\QV\Z\T\\+`F\?\p29J\\\r҈s\\]Ix~7ORG\,\\N<\r	\G\>s-΋6ij\0\rN?\4\]K4\r|\'\%7h|X\\0\n͍\Qͷ&\~X	&\\Yg߮|Q	ԍBxB\no#ڽ\\* {(޺N\^\Z\"%:5\qo\"\O$r[{A9\\Ιtip %n\\\\T\~5\rb4iaa4-\[ֹ\\oh-\[Aoo~\)\\7,4{\ns2\U\^,\0\"p%}]h8\ՍR2>3f7ZpBBKߺR\\\^\v\ꚡr\0°\n\0iY\O\3\u=LP_C3>\ksqK\-z\uO$v\^k\;JvXzCT> }\-%\\,\aI\q\"Ϙ=\!J=Mͷ\\rc\\Ӆ%͘\\'3v?,h_\;Jus\\\mؗ\d\6\@[1\0W\Rj\Q|G9[=`\>k`\\ZV˽\\\?_\-\6mC\ ]\\\>9j^Kvw`j>\hpT\ʮ,g1Mƶ \q:\:=\\c\;>\:F\uH{i#\\s\7C@\"$\\\\Χ\%X\t\\E?\n|\<VgN\\[}C:\zզQ\S\<\d=|-3l6om\aF\ŉ|\\&\\-x<]r\"n\ \\nc\l@+!@ͼRWhj%ͯ\V\`\_6\LN\Ԭ i)R\\U[\a\k^\Uè.:׺\\'B\Z)\p\\\\M~VH@\>8\~\̛[7!:9G-y˩K~b\`7q\\\}wӇW\sS\\\\7@X1X\S%\\n\8vd?6_\\rP%v0\H*!6fnś\0qg\p(\\[\r\:$\:81fF*q˗\BU\\\'v\Z\#Z+c\Vڭs.ݙ6Lt\DszX[S\JRbqy6\L\#pJ\@N\0Ӈ㲬\\S\!f\\[W\\\r\r2j?\O\vRbujιi\'Q&	\:\#b&\\hc4N\NSÁ\(u@5ռ5Hd)ket\NJ)K%\"\0]\Њ\G`tjaأ00Q»Þ\&\F\ᴸq|ם\3pMޡ7\\\\ÃJ\\n\m\ߓ\n\\ѭ\\3\-\mZX\"~\q\\\Z徭q\0w_Iwɉf>UNsE6Vb,֡l dz\\W+WbǆS{Sd\<\I\\xj\|\\\MB\"\a\\R=ldf\\쑄  85\}O7O}C\Լ+8\ohg\n\\Q(jv\0OH\5k}\\0\'5%\I?\\,\ϒH\b\\\ߢ|4b*C0T\ZN\g@\\S\D2U<2L\~~G!}\TS\Hf KLz\\(\Nr\	\\Y8\\Z+\\TDR[ҝGe:l;{\ka\$lZ\6ؗ\5\9{\\Bw	󵭮\\8y\O5Y6D\'A\к\OfԚD`\r\̭lY\\N\\)\Wn\#\j\շ#NMZG\Lsw>@\<\$\imYm\\/\>zqKx]\\x#_~\|\?@.+\\`k\0\'6sV\B\)ӊl{B\?g\\ix+t 棱U2 \\Q\\\";\n$f\b\\c\Hx%76\\w,\Cy\(Sҵ ڏ\"n`@:˛p\k\FS\\Q4*\\\߿v.kl_\O>\\\d\q\ͮ.d\\\8l2\)8rO\r^\|zq\\A\J\\e#\*ߐ\\Dʆh\7vqLw\A\:ә\{\\p\C9M#WrhuǼe`\:\n4\\\\k\eVO~\\z\\"!\\\\{\ih~\\\Ju25+d9طF|\%`\\Dja\%:ziM\~m;|Ul\xF\h\I(lHbg\5\.,|,D_O\kd\^6yDq*u@$	n\X\x//h\81\Ւ.6xRfX\H %\\X]Ym6eH0\.Ιa\A\jҙRȐLh\q^v\y%a\rVP\ɯ\>5U \\aO(\yɎ*R\\\n\'moT\Ǡ	m\[)}\r-o3\|â9\\\\\\~\7	\HGw\\v\\"\V<-w\n!\_\"43\n_*O\(c\dHpCL\\uTQ\/j\Z]pVĘ=Xx\njMe\4&\\\DL.wšlvP ;%\TC)\.l\e\\f0H+Ҧ\fN\n\'ckzK\_{S\\tX˄Nv\%\\\\,2ޡpo\Ii\\07D,\N\f\ry3:LC\p3n\\Aͻ!;\\r	\2ܶ\b\>&\\n1jJiܾ\0\2P+v\r\^p9\eX\Zi\ jؔ@OyKh~\\\\3qYFR\ \?`\rXjiR\\h\}L\\UP\?3\eh?9/t;^\|f\TQ>,Sa\ϑSi`։\\D\\`ss^Bg\\0v\\q\\\\\\TC>\\	C> \\\;yYM4.\-}H]\>>c\][\_rt.Ad}^Z\\5,(M\|%D;\F\\\"H`\"\7\6#yY݈oZ\\\\IP^߯Y1.\\w%.u\0\\\|\n\อȪ^1ߨStS9\IM\"\vל\\\\y-\n,erAߒ\հuZ+gK\4jR\¼,\1\\nl/\.Elc\+z\QSǰ8	}\\n \\ۮhğDչ@f)7=@ I$$ݮ\r |\\	}ǷfPT\,%\%Y\2_\nI^b+M?r5sJ\|O Kf\\w⿹T>Y\btlaK\Y?\r\|\\\ց\n^\ޗ&\N03U$рYHD͇_h\)ا\\wR\w\irTf\\\\UC\vkƪ||\wZu@\xJwk\(_NxA\r\Z\t\\'	\]\6\EBqD\?\<Ki̚8Ԭ=(ߟ@0\\Zs\\\-hOҪW\r\Q\\H\Z\E\\¢E7i5s\ِeޫR\sP\r{\+q\\\ʋ\\\\\\	T\HV D!*|S#/fyHXBrr\0;\0\_\\w4S\e8K{\N\"ɢ|c땖\v 3G\0_\\*B\0\\J\e\E\F^\3T])\3\AeK\1\\\"\\0\\*ǲOnH\ǰπ\0\0\0\Z;@\00KnR\sqQd\\\\n/V_ ?Z4\\Q\549-IM+\\C\dk\_D7I󦕝\\Q\]g2Z4I\(DRX8\0\\rna(\E~t\\(U7jZb}\~\{L@03o\\\r|SحϽ}6&|*\nm\ck\f\%xs4/:¯Б\\r*Vj\\Zǜq\H6%E29\0rڌP{8\F|\#u7]\f;W\쳾\ly0E\k[|~a\s\"nXWR?4p\|a+|	N\\\fNt\\#.\!*?\Ў9\\Zey\VT\$|-\M&\\熸\kqUm\}x\"}Q\z/Ցu\YPh8(T>1|Ҫ]\\Z^\'4\KŦ&[(sZ\6\\ؓ\\c\uv?tl9\L=\\Ͻ3\\h\:h҂JLr\_\;\\=mj+\\b-p\$*>GK\\*O&=Z<K^\M;}cԭ\\\\\		t\r\\Z{h\\'kWys\L@YlH\7\\\#͈^;j9\\:Nu8Ԕ\0~o\F]H\1\%~@	wp)>6\U\F\H\'k*n20\nSeq̙x.ӔRk\\\Ig!\\\ï{p\\\Z\;͛\+]e\RK28\9L\\P$8P5\n\]<\\'*9l$\)J\\C\q\%Ʈ\5\.\*H7%\n\d{*?!Svb=\j\\Rί_\hu>\h\ڟҾ\Kx\DFO+\r\\iCLW\fk?a]k㏆$\\\0(z6\\y\}]\nwVP\kjmJ8,\	9G,\BW$g!\r\0\G\l\I\\\\U\&N]\/ܓ׊q]ҩ\3\v\\8Oy\dř.\	HS\\N0\TXmz[\Q\0Wq=\\r)]*v/ɿ?aE=Pb3zȝ\s\N\\|`\;0\_\\Z\V,\\\O\:\$\OAs\\0IukEs,bg$jH\- 1-ݿ%\ߟV71\b\\\\\\\\h^\\\\\\\\Ym\8h\$&\\)`h\\r*6/\D_s\2\\sh7ngMQarHH \IKO1w8S)\Dn\im\TD\\p\{wc\r\\#9*\\[cP/ĭo辂>V\r̡C	\\t\=I%3~\ğH\=%\_L\XŅ\Ow\p* Gb܎x2\2\n\J\\\\\rSK\\\E\f6v\\\슾\)^t\ \'4\r{\	4X\1\\\omny4K}zd\0gT`\\VdM\\'\ۈ\D\Sq\x?{Y	\=C\)\\\\Z\Skuy)iDon`:\rQz\wQ\ݠ\0ɻDGk?6x,\Ì:͊,bVg<\[yҰ\\\\%F3\0I\zבa\\r7\0>\"<;d®qY\\`/\g)\Y9&<\i\&y\'A\g5FT\p\np\Zq3Ԧ369kQ5o(/	̈́\nْܭ\VӁD$\xF~[s\]<T>:0\\=\s\'<焾\\HU$b(fg\\I)`p\V\z]qX0}c\h<J-\}tP\)\+F\\\K\(\8/\tM	\\O\ʔEL)j\I\Ž\Z\Pfb\,l\\j͍Z>&T8\\\\\n+!s\&8,	\`9ӂ\E0y=:rg }t\6e\5A=nb܈:f0J\\0.\W_l *1\\\.3[0d\$1\3\\lAE\\7J#\ZE\\Z\\0\gafZ.\^oF15?a&7R\Zνn\=gHD\GM\\3d\a\iH.\"\M\nT&KS\	j\0Hoy$D\\lwU{\n\\yXnl9/mD;\\\\{̼P5,\Hk4ڡ\]np4t# u/q\Y!;o\\Ϯ\0\\-]\\\_\̵:ً\^\\\\clq\{\n!Jб:V\^$t񹡨vX\Y;\\r\\"\Ԑ\pmd=\*N|\:AX7\|xđ;\\O\\IzA/\|K`x\Z>WBB\\n\-Ǿѵg{̨рݾ\q\y\\L\7ǩ\Aՙ}W\\\ 6RND`X<1;\￻_\;3bu1UW\\0ơ܍\Xf(\^\\4X͂\F%`U=/\n\\H~\{RK2ڎ\\'Bj0ŜT\rQ\\}1\\r9\O^8-pv\z,\#>\Z \%\ǭۗH#[Yy\X\\\uf\0?\V\/jR+fUoǻ`\\_}7\H\y既N\_6&<\\MX	+\Qv\\\\[iOi\@&MyzqK\"cQ3Z4\CvUNm\\XM*i\?\\=fgh\\)\Ì}\\0aKY\%/mx^\x\0(T\YJ\\(\\\N\r\Z\Xdv\U\"my\\\j\y\\q&3\2*qڦX\\r\8\\?+-;|(xiBzx\yŌ6s\A}/bL\rm%\\\\\r\n>\f\'\\;\7fw]WHnX\0џ\ꇊ\{V\\h`8\\n\R\oV[\\V\Z5|\Tb%SzN#$yT\{_\5haw\mCF\X\Z%\"\D%c\\|n\\ҽV\k \w>\tlL\i\\Zj\\Ҡ\P-\$A߳s-\@\\\\"h\d^w	❱l\C\\{#\ nr\ǽ\r2\'Q<V\d_0HV37)n\'\s`okXC`[2s}}.Y2(AT {A\B?<=\\\">:J\|V\0m\Pwx\b	$ϴ42.(4Z\hc\\r\]%;q\$\Z}c0\rmWBȣ`D\NO)O\\\yEvmW\b\\05`\b}yo\dǆn\1U\P\ܡt\X\	\ZI\\\e\ύ,Hh\D\\\\ۋ&[\\\,\Dzcfeٙ1(-!]K[\\e\ԍ\\'\z>\t Ɔ\u׎\\\4Q\(\$\\T8=PQ{y\@[\Z0\1wD\r:V\\C\2grC\\$VeHϵ&({$\"\\Xٕ\)3bF\霌+/ \c\{DVюB.1*T\\k\\\0cafcg\ߞ#}\\\\"ɝ@\1^M\>s`J<p\c\bm\c֞2\nӬ\Z;L$\\2~X[\*\\ᖺ\\\A\ĠyBqe{{\\\z\4<\\4A\C\6\ug#\\.s	\=\0*\\Gk\z\]`<y)!\Wߐ@s\E\njK:G1\+ж\-\Q\\\2M\fD\&\Cl-*POX\0sp\\\1wkùTI\\2pX\\r\8\v?=OF&R.\kP\n=X~h\v\Z\K\\p\\+l=\\\+7^zsPmXz3<\\\Od\=\\\?jN\bGrB;\D\n&\\\%X\u7}8r\[\	=Ve9q>װ蟧ff~xgt\i1\0Y\0!\\nZ:ɾ\]\X\Y/`AhAMaķ{?򪕫+\c\pn\efQ\\8gx+\\'-l\{}\U\ܚ\\\MX;bC\O0i\\\\S\\\"E\W\nw51{\\\\f\n|n\K]\D\/m7\jI\\\ź\Xaz\\5K0bmC j\rxi⥢4\P\coP\?[\\\\o3[8j8Xl\Z\#t8R0g\r\nC)\F\72\c.\3F=9\\\\|\\\\ɇ\c/\*\\dN\eW\\*H.h|jsqZ><\'\\"\\:JRl?Ia>8+@f\VZ\"Dɸ/Wx}Cl\skرa~}JK\˭\rZ\3؇h\ ;0s\8.h\cV\'\Ifbf+$\Z{Fl(v\\\y\O}FB\O\1_H\+\0L\z\{]A\*>L^\Z?t\\:ܼȫq\wN܏KC͟\G\e{\6)\\$A[7\O`\9L8\up[Qf\r<\,\\ґ\nG\\%bt\4~\XK$?oP\$BN\<ӍJF[R\H\${\\\;\\\\W~\SpT$`\vi\nT(#W\ݎ롢\eH\S#C\0Ϣ\R\8eS\0\n8W\~Êo4$\}s:oZ\n\g=W7mS\\$9\V,X\ N6d\E\Y\xN<Zَ4\<\\n\qQ0 )A~ek\f0\s\'E\1п댰X&>Wb\\ʆ<!gx\\vzV]p3+\aMdu\\M{NE1\r1\0uo\VDsr\	}\nQ$g%H%.a+\"#<\ۚ\0װU\Rn?K\\\Y\e\IZ`\p\\"\U\\\3#V@4\\\\\/(z\*v+O\n-.ܩz\Nbᤋ\O\ZB~\Ŀ\]\2\\'O.\n\ΕA!8\\B\s\nJ\.kaÚ(VS\ldfG=9\"rPs\L^یG\w;bLw\'ԮV\ЬaF\9\\?\\	\\JRS\}\\OQɐRj\\'1:\㕅Is%\.t\߻\>bs\k!{\"$Ӧ\\n3e>L˲\h\n\0\\Nl쿓\1<w\8\'=OOF\#E\e\\C+2{o7+>X}\\1m\\f,\(Ҫ3\\Fe(GTAZ\\o\'YD\`+k񤾯Z&\`yWp\H,1z\~o\\\b>4\iЩ݌\\-ɏ\ʹ\\-\q\F0KwiB,\')\n) =i;ry\\	#S\r^GL\ɝ0\'_Vd\x\Zw,}VJ\s^`\\\ós.1\CQ\.TzBkQ@\f,\5B!\`\\0\\)$X\\\C+\ps0Z A^H\q\\h$v1T\\F\\Ƙ	~y6h[\'ʩ\Hmެ/\9zܳy%U\%1CC.\rz?Qʶ\=\|$\Y.\\n3oD\\m,8?YF\ؓ\'dN9z\Gi\6&EJ@lTΟ\O`\jh@*10Ap\bq*\\\";\m醲\"\\Z\\Z\K\CbZʓV]\\\E$\:\)q0!&X;o\ˀ{m\sZ\'?Ig8^+>\\ң\1n漅\\|\\dO@[Ry/|_3M!Y\\\ZJmXɺ\03au\$X\3(+v\\u1\{g\o\"\d Cr\iSi\"w\q;a+3\}\?Ī\E3\c|>nA\8b\_\?\"U\Ө\Ih\Z\\\Zf\D76D\z\"\\A6XlSCS\Z?\"|s6\7G=DMZA\m\>\M\k=Dv\UlL1Ry\'ð\\|pa@^\\g9\xP:2b9%nBg/{y\w0	\f\r&ޯ\1	gk!w6\\F\k!\F?¯K\UM\fn8w\\i\lN\\o:p\C\-\!M\_\;\nJ4H\Dǭ\\@\h+%$\\d\\\F\\i5zɉa\pQQF\\\u۶\X2\KQg\Z(\,\$)⢹Ks\0/8]ݩ\\U\:\\ET\F\\rͺ\\\'B3O\`G2\\p+*\n\|\c]\\	H\0Y2\gx\ד\\\)W\w~\L2\Hl\N\"4niw9>[-\/a\rK$-\7D\fo\pc푎e\4\Z(\/\a\ֶl׆2GI\ؑy!6Ns/TY#\D9\֐X\4-7\\ד\\1\"\c`Ix$J9L0\\nÉ\\n;~Γ\}\VYi\\~\\䚞(1A4TT\WG0]۹\YW\ަ>d\\\o\C⽣/\q-yssio2BWѻ\O\K>}XE=+\&-9|kmH\\rTFB\\\\,Im@v+\&NI\\\\/5y<~0t\+@@SoCf\\\\r,rH\*ӏWL@|qyw@Yd1mK\#x\OXtě9\@K\	S#,\'\z\s.(K7\\|EZx(\F1\y\_\\#\0\\\lx\ԊW\8\\\Z\Qe;\<Zcۚ\\6ʀVh\QqzU߸{y\OU~w`4W^i(X	)fd	\	*&y\)!@\kBD&Zs&qo7z|\0Q,WL4#@Y\/\\;1b`\pTC\JOtH\j\Znbҡ\\n\#:\+\Z\純eZ\P\\P\GD\\"^+/\E!jvCEd*\L =Clus\\&@Dxt,\\ZF{bbv>cuK\z*X,:\w6\\Ǉ\Wd·\K#\t\B\[\𑀎\sH,\B\\L;\ۮ\q!o\IK\q\6H\t|{\w#\\YX\\u\rpBEɊz\qX+\\0&\ܕe\~ԛ;\\/\\p<\r~e\\\, \cpzٽr\=@BY+u@\l\\\`Ј@Sse\Z?O\$Yw\n= 8:\r\볧Hh\\"-3pc\\bv_=\;RWۙ\\/\d&\R!&\cV\n\\T}W\!XwD˶f	\j	\\5Lq\0\0n,\n\'A\Zj\n&O0m\À	\Vaiهv\R\r\JR?\\\rX?pB\e\ζ\eݓe3Sj\\iW?\2ᩉB?珹y\\!9݃L5}=\6,\\\b\ \12@y0Љk~NђCj\cB2t3s}\vf\d\3_E0\,	\(V	q\b\rSv\\E%uY\\@	\)_v\\ءT\%E!^=lk{(hn\+Iԧ\%\laNϯ@Ee9;t{fY\~9`wQEOt0hQo,\\\\>~(fO\ZƆص\0\1\;m3\Õ(BxC\%[;		ƑZm\'(ǌ\\6k:AXBV0YMN\"yE^[\*\\/bɶv> oJ\z\8\3)W\\_&S2\\_#:%^70\T\Z\9d\xRܜU\SAq\tIy; M\ZE[\-(gO\GE%\nGp[@\;Wr)WLrry\\&\`y\uP=\\\a\P.s\UE \"P\\ڊy\=4\A\G/BlEm>L\7ul\\M:\3T\PPz\[qkǺֵ%$ws݊=j2Ygj\!Lw9o>Wqb$\'\"\_\ZR\C\\BҐ\RT\\k^\[s.&G\y\Z\̛zܔf=Omb\0\grNB[?~\;\̷A\bu\/@Up\\\n쀤r\\#\\Q\%+\Z$\Fq`I\eO5|o=\i\%{Pa\8\"0Fo\nԫ&R\>0i1+\\Ћ\8\'%*ܧ\q$7ܔ\ЭPf\c\F!-\\0oə	qխ\X[VN~\uv\\\0w:P=\'P=g\0J^/P؏DbkwG\K~=Wz\P΋6\T\\Ȥi\k\P^+1>8=!\s\lO\!l}\I\\Z\Ÿ	,\?[};\\\in\؝\\\v\SY6Dq?\b\2\m\\\߳<m4^\IDn\&\6vOF|\rdg\n*$\\\"tӍ\\O)i,\g8/٠$B\\\Zn!2^?)BK6\C\ؠ>\z\n\s}iiqs+icpje¿A\\1\63U%jZ:samL\hP\\_dE@(\\0\E\\$U\0\0\usD6ǅK;\@\>\\&\0\nH\H^>\\'\\Ӧrծ4ZAb\|FWͬ-\OGL}ɷ\+\(Jbxf)B\'/\]ǻ\"Y\)tU>Yk\g.40\[)_\Rr>I\jü_\\\75AA\Y\)\\\\hc{\E\wJd\ţLǻ\H\}ri-\'j5r\x\x򞢻G}\ޅ\ny/{,\[\CK(\:0s\|PAdzei\t@,:\Cp<\_B\\=5VgIgc۰?GU.@G:\\u唕H\։xl\\\0cIa-\\^#k.Dg{z\⯐=.&VnV\*>\\p\\\\hr\Z1\V\ohWYAC\Tn\\Ms:t$]\\D^\\{s{\v?sS\4\@qhZ*\F0*Z(\D5Hq\\\6:\'\ci\\Ri\@\	bVTQP3UycX0J\"/\腖rƉKbȋ!YM\\MH%\iOF,y]Zx\##\\"A>,j=2\|mVͬ\cO\V)Ax\qT\$N\\\\!\+$aL]\+\az\}vlI	K\Jt\y\ݢR8,.DRR0(G\\!ز\$$Oξ\mڜ\x\'b0D\)o\1՞+P\r	Dﻧ7݃\%\J?\1YѠ=\7=e$^cJ\0N/6=0F\\*+\\HE\\\\NX<\,\\\lSY\q09>~q\o\[\:Rm]brAm P\\S\\Ňv\#PFU\}\<Ih\\"\'b1Z;$\5_.+\\P\M\\Wi\\؂~Ʉ]6R\\\XG>(Z\\tv,#\\BG=T\i\0Y0腪o9%=seSA`E\7x2ZA1Sq\\F\n\\ryRk\mZ\\j#hh\Ҕ+Hq\Nm\nw\\d`g=٥fQQz\tw%\ٲ\\\ƣumχ[92V(@\\z\p:E\/\6S\0œb\\nS}mmC\'\\;~P@n\\U/\*ܧ6#MU\\}m#Oϩl\IH:V\"!	5_;\t\Z*\Z͊I6\ޮ\yLGw\\\UHbqut\<\\\۫[\<$v|쌞(dǧ/#jU\MXK}\hX\#Fe}ݶ[\R&N\LCvN\/2\:6q~՚,DsW\\fLu5dͬ]>\"ȊY\#\\;A[&K[x(!yI=\8P\ÿ0U!Fчl򔮅;\Z/@H11i;R-`\{{\1(n0\pY`\晾\T\\_F\3[2\MB]<\\#(\P=\r\Srv\n\0`s\M \_3:(ZQvQ~\r][\10r:M\\'.-\\<pȥh@}\r\\~\3\fE5\\\\@)\\9\n\r\;\\	\A\{\n#h\0F\\\PM\rQ#HF\'_˫~\a<\\/+]A(\V]qds7ju\OӸ(LV2|\r/4\\\qA\5\\8\]8\\\[T	_dw\:=-@\J71U`\p7tf\\yo\\(f#\ѥ\\\\X\׋	è8]\I\j\\BDM3k;K! ܤ#	\\P\i&ȸfy\0\\<*@\0R\\d\r\2zqAk4:>UuN;Z<$S.э3\U_$iD\#\\\G}ݑ\[p\bz8\*d\n7\|C-pF v\> <O+A?Ik\\0grQW\n\\\\UAn\z\h|\1%\t\p-\r`Bį1\$\\\\c!B\\f$Q\D+\r\\{k칱2sT[Qw\t@f\v~.2Ѣ\\\\l\\[ih(\i<Wv<͵^\d͇X9\ڠ[TGk\DJV\-\rU\c\\k\0\Z\0xF.䮾zΎ:EV\'rW\5ĎJk\\Z\RڒÛ|!\\\&Їs0#D\jR!\\+aI^8E\$э]#=X\0+\E\~m vA@?#w\Z-#\J5cvf\\Z/TPKi,>\j#\\.wt[y7v\ \ə&\.O\#ޞ\\)\6@9\P \YX\v߳\B%7g0\̀|yL\Z\Өj=z\Q\̉\ОL)\ҽ\0\\I\eg[\\=H\t\\Ce\O\'sՉTyea炷/jZt\\\e\\nB.! yO\r\Z\\$4\\0\\F\ADҎ\S>hU\JJl\'[\/\bLyyĔ\(ݓV55O0\\j\qu\\\\[\0e׏\\"]CO\䄼\u(Q}\T\p)\\:>	9F6\0=U$>\\\\\]0\UsY\k\6JΨa\C\EA:\uRKb\\_q>e\M?xé\\'؉ue0g<@0ᲰLe\Hf{[cُ&\\̈H!\>v1	2\rLn/^\Zn\\\)\N\\\Ga\\+;3L3;\V?\\\Lє\Z\$},\\<\\}+\"C\g\t\^\'fdr2#?=sC\`{\j-\R\f3us4|t`[wo\\Ո\c\5k\0Zr\SLϴ:ESJ(\\좘\\\\N\\Ϭ\\r\$hϦ(HVgƃ۶\'wR$x/4&Je\\7\oW\`|ϞwƖɂkOW4Jx\ؿ\S!*s j\n\#1\×-\\!2#\nOwhQۉrkqf\E\ɘ1\[ʵ\O%s/B\r-~hu\~=r0\zE؜h\{2)XՋ\\zSW}\5\\b_GQxXt9Md:m\\@4\\<困B\\A\2\Vh\k\?\/=\\4G\s4\rD[y\D*FP\xo/\\<\A\'e\+OE\FrI\!S\h8&W_\0ykZ\ϝ~\0\"\2FC8\qN\\Ҵf\]^b\n\n?\\Z\T\9	YR\PX\7X%I\\\viA\\l]]H4xTu~%rZY\LO.sQ?q\U2\]\\lm7]Qѱ!.KN\\nxu\$@\\.0R\\\^\e;a\0ʈ\z2\Ԋݙ=>\0\\'q\0́Z\is\Li\b ס.\u7\678\T-S4\)`WJ-c\KS\R\\9\v\6\0\=\lW%<}{A\\rݫ\nDTIM\\\˃\\{a\\"r%\nm&	SM;d#\r|s\F굲\r\\Rےїk\\'7\\>g9L}tB\jPl\羴\ea\\rZUm{\\o/Coc\ZV4\>B\\zk\:\<4]Tx/9蒄{\\l6\\\J\~,\-\\j]hN\R\nw\rf\l\aOA\܎<\\\=cWnzj\m,D~\r;n,X_JŉB@\S>c_|+Ԍb\ZX\\Z\2\	40 \d,\'14ORn\뻶uvHz\z\t\\0+\(V6xV$$\eU\rdY:b½b\nemk1D\\.Tf\[4\rò8))\\o\73\C\bSˤ=\(C~\.#\r\\C̋)\"=$,*\r\\E\r\`^\W)`i%Ǉ\\pf#f\\,\\\\\\\";g\"xH	e\촵)ˡF[&\n#9N\E3=p\\\\5h\rxQ|\Z	\\\0$7;3\\|\\ߤ\\\Ņ)x+9Tea-\\\0-<U\]\5Z\p#RW7(zc\0EˣY0+\nțn\"ܹuF\H\k[u-ɫwV\'OO\$H>M	\VZd\!sg\\T\"\+jG\J=bi%iJ(\옣\t\\\y\\B\ZV@)*\dP\陻h\)\u\\2d4ֶEd{\V\\_=H]?*,ӷo\\Zǣ\Zҏ\#\ycf\yen[M\qg\B\٣\\\پQ\a\O\J{\e4Fפ仢}\BInMupvѥ|($C\ks=$y@OwL\w9\\\ZzO\O\"6A=)\IV`o%\)\\ӮH=i*\rlmCZq4\JtY:\P\T\g\=44tUbiֶ\ݳ\2n!\bLO-\o\0\\\2l\;ll\\n5:\r\fXr3\\\\9\O)ݿm	i5\x\'w\5&8=\nrlX\;t\\\\\\͜EosvQ\'\,\"C\-t\l\<\؉l\Dh\\'a\>	5\'MzR\\"\\s	p&`{f,k\\r\[\v\\\C\\z\<\y*σ5\prU醭OT>uk=$[1\{0\\\n\#IU\a0Y\b*\ jg\\	\`^!\n\\Z=hmR\\s\z\\"\d\9f\^\#!\|\\{\8XL˭q\\C,u\03\\\\\rg\6@\\ĺTN\#һ \A\R\no\Zs\94N\'A\	\\\K՘Eqѡ*\")\\\^Gx\(54\\3\\\M\|\W)ez>\p6[cl0\[F\}iYd_`:Ul	ۡkOP\f7+sX/\q2w^B*[C\\ZBẠ)&\P\+ \\ϲ7\s\Um\:!8a\nZ/\lW\}\ҋC*\bm`,-\\\)\K8\\.\N25\=:\R\S\np\n~.)\a)\^b\§*)wCZ\\\rYs\E\*HP>@\VX9CX\Z\\\"?\\\!]*.\ƌ\M D5o\Li9ŋ\eo\\'i\'x\-CۼZUv*BWBDai<]B\ǫ\\Rx\\G+݀th6/,j\I-}0W1{a\u\\:\\ߚT\\pT\UP\j.^\x<\ԩvsߨԍ\\\)\rS\^8Sfa\\m\ZlgDF\Ay-Vs\'\H\"e\PMU&\'ZD~T\\]C![h{\/t+.\\ܚ\3=vJQ\0q+[ψ47K	\\\/2<-Z<F,N|İc\\n<<H \' \c\r\k W\|1f4IVa\:\O$SW\\\)p\6=a\O[\\N+}\+\]d-\_\4\SpU\N%\^WUvpt\"d}yc:=e\Ͼ@\AE1PD=\\J\	\lk\(\ZRR1=DԜ\'`\n\\\\0\\dTgaD/8\'.\0#\[K߮\\B\t\|\\\%\➚C\0|cj;G~&o:Ot	1\Zj\\g\\\w\a3]9\/<J<\P\\rgK\)o?qfӮ\&+Cn\`\}\17\\Bqm48A5\Z(FnL\"q]S\r\n\]\h]u0\p\}<qZtP\\<\r\JJˀc?L\\#63\v6d\ibGz\nM̎Hf\ZTНuJS	yZn\-\.R$n+\ұ\pESq!@s\Ȉ\@|\\\\NEUն&{},]Dz\\\\"!킅X\WG\\դ\Fed\"5]\bޱ7\_ط\fi\\\\\E[\m$\Y\\Jٲ\N8\2?~\lČ%.xcϗτߧ:{H[;x;#EJʩe\eW\Z|\Z[\ݧ\C\D\S8C,J\\.\{*qI\^LiAu2\3\n\\\c?\\N\"\\~!O?/t\?T\\\I\ĳ\'dHϸ0\{6K\ƙ\\J8bhڣ߅\n\\i\=Ryq\Z\iK\\,!\nP~S\\&J\\\0\H\~\F\늋\\o}t\/ZI=0\r\n>5p\\=Lww\tS\\\80\+9EwY]>Wg\CG\0l\\\"YlQ8J$\\rL5>\/\a\\0dw@[\U\1%\ξ\e\\Cz\9bf%\Z{\1\޷?4SךrP\\\Y\9\A.(PP#1N\rt4{)B1(?3%\A\Ӊz!!Iݷn-#\⨗<Vy**n\Ҷ9K\\\\\\\B\nĎ[7\4\lb\\\\0\s\?x\\ۯv`Dbe|A\˜4\$sz\\'1>(\\	3#wS?o\͂\\˾cp(̹tdn24/\'ɪAsbJB)YrS\\(\\遦`\p\\$\X6\\]\\lG]8gWߪjiZC.QGWOY\u,Vw\\\-{rk\|y\	?%,\J\\\\<\\\XG\\F\h\\\s	X1\[\SRT1\Κe6\>\Ȇ\=\T䣚ˋ*\p\\)W^N\\noߺ\R\\qjНS6\\}=Z=;_\\-0\rWX\F\TR\a*\O{\T;	oEʖnd\\\r\=\\\r\YPI\s7\hLRWoLOJypAW\$\Od\ؠ<\;\"\eV r(\\.ByAT$5\'^B\\пeջ\\\\%\fB\\aμRdՄ|HU\HCMa\E[83\\n](\0\@!1\ZF\\\ZW2*!emıEbЏbK{β(\n0th!vU\2l}\@j={\~VP+v>aiǓ\ \'إd\\D\'\XT\t#GoP۠\qD\AÌ\\Ud#Tn\SLU@\RtC9\\I\0l@\0vwËH>\#.\0-e`\a\d\Mnz0\\\\\1 ر @ia\qռti\`4\\\\\"qPz{`\/^X#Pwz^\\\Xl\Z\k!\\8\P\\q[\C!{	\XMy~8ft !sXfy\sN7H*)f͒\\LR\U\zJ3udqRM67\l\\W\W7\7eFB8)\'E\\\ơRڬ	Hu\\\V:\qu\\\\)\~;-\\|$_7p)Y<*e|2UR.{֬mov j\\\56\\Y\\\\1u˟Q\0}衉2R|}\-Q\#1\Ʒ@}\r\QI^}\\w0{\Mˌ\\,|z\'97\\+_-ѿ\\2l,\"q\\;\`@`\\"Ty\\֕AG\G!\\\\֋\3\j\c)\W^a|b9\0Ʈ0\'\1ob\'\\QF\ti>\#\Nih\yS\8>;K;\lr\'ޤe?Mk\\RN\б\i-º\tC3\z\\:6?ڞ׾LʩǾ\OT\-ֱH{\n\\\@X	!\m:\_+ƈ`\%\T\UK4eq_8\y@@?\S\Y\\f-j)c\\}z]\FK*҇3\w/^\is\\w\\{\\'\0C\-v$x\BN\st\VhCfW\ﱗРvcAvC\mi]T𹳡5kW\Q\\$h(p,]kK#\h,\\ن\/E\\\\\M\c\8L&\lI@PsK\1Qzԗ2h3T\o\.d(_omхw[\Jo\-̾ʵ\Ge\V)\-gk\]0\5i|uG-\lN\|잮\\0\+\\\g\Zpc5}q\\\%%5]	\"U~fë\'F\";c*fBiF\sc\\MV\J>1,!M)`a\n\'@q|tr.V()CC\9X\ˮ\\v8}+\L&	Љoӷ\j&\\Ɔ^`\'[\ׇ_[w\B6\w\\n*3^/Ti\/nqT1\4]\\S\\q\us?ISsj\'ݱY\1@D;4VʄC\\¢+B:\=0p\ZD\Հj\$@\\Ї\\0\	+\\\/\Ra\~ņ]Y\*y6 yq7p\=²[iNגtj|\I0\LOyzǁW̠UD\]uotcDa9aA	Xo˓\ӝ\\[NCg\\n[\"\\]\{p\bAy \QC98\\?J44JHT\ntY\\8\d?1aUP-W_\ee@A\\	=\rlx\0=RQIu)lzL(\R\\d} k%	7\=P\cE=5Ic2ڵ?--\\	\d\+\&f\\0;Y=4ǻbN\CpE\\a\☜cGlܳ͞k\Ȍ\(8 H\3\\b\N7W\Z\|7\\~O>6q?_\n3DAχp\nӸ\\\PIG\C\M!ͳ6L\D\\O	g\/:	@x%`h)\\ h \'$\L\r|\\DpjiL:\l\\\EH\>㎁%o@\\n㕨h6=ώ\f6h\5[-U!M)j?5K|}6l\\2X|\	\n)hvD	ZV\eɓ#J^#g~;ѶGxQr+\\Q(1Am\(#k,\|\wow\8N\hpq\odvM=\I/Zh~^,w.E,\\0\`%ȵ\\d$\܊\nJ\r0|\é\m\}W	\(G̼\b\\!\d+[wo;\\[&,,(ǻCp\\v\1?\f\\7%r7MR\;SH[m6A薌b$\|\\i\Z\mB\0TE?A\A/V\Z\'N\\sPb\\a\\_t\\˷;m\\fǈ9|\dP.پTkDS\\@%gk\\";b_\\3\e\\q\Yz~\\n5]\|\,.	a\>}aA\1\ӷf4ioEw_Jii\ߧ2\`S*N \QS2;n~U\]$ƦԹ\uV!\5m)\PadEݭ\ZY`G\\>c\r\c\o\h.\9eC\0Ҹ_Py\^)0x\	\+\~\\n\N\)pR!5D| \\n*)\.4\:\bj\r{\%W\0]DZR&\6J:\H <pþ	h\.\iEY\\34HE0_1Ѫ\2B}#Ǝ_\Z6!(Z^\dʋ\Z$bv;\I\bv\2\a\\\)M[\(L+j.\&\jofۦx\u\'OS\ZE)b\\Bb\;õ\#4\\iA;gq\\0a/\\"B\\\K\\PLɍ\\i!DM\\ǰt-\w2\lՑDE\v-}\\ \\n\"4$\F/2;\Ijg\\k\	U-fQN\Xy\\<\\{*\\l>؞mޖoselg\X\!\0yl\'\p\qo\WP\NH\>sƕ0\͝\0	0lcd\\H+\'\Lr\>0\t~&a\zf\\'_n{D\]W\\Dc\'C\\RUUx\\\&T\*Ա5U0Q\\m*\8iT\\U#\\(><ȅ(%h\4D\}I<\n\'\١u\\bĮ\x\\nT\⹀\\"\h5%s\hv mgR\K&|}l*4Ͼ\\n\\h)>:3ѻ\qX6ZP-n\U\;1\T`Hj1.BX\>RAD3rGÿ,ԗ\XY6I9\\k+Mu\\"\0\LN]Yc{\[\r@\\\\Z\\\\mgs\SLj9\2f\xz!3qd. ^tޡ\')\WL\^\ּ݉v\5\n\Lퟟ~\\/uLdK)!Ȯ\i\R`5}n}ck\\?*\`E*\(ݫ\\ԣ5+.Ԝ\\PXd6\_XaS\E\m	}jdu\'\ÌKhX_}&=]z\a,\!\Z_}\}\!|FL\\j\8@\7=\b\p-rz΢\ەu9\|\\nR\n>\\LW\Nt73u\\\]s~Gt\J\q$yhOP~\Rۈ\\\\H\2qym*i\Z؀WH!x\LU?\\\\\sAI1+H{.eB\vLKn\\\IX!\\^\\\Yb]op\\xۭ\\y=#\#\\FS;0\\d6ew}՛	[IJjs\n\x;\§P \lPa4=I.A`\r`\hR9Gv\\\3%\\_\\'\z\NlŃY=\=\Ԃ*0YB{/bu\+Ս}0\{\\\\day~Xs\J\r:όZ5\r\\\CO2W2\\\\m\"3j=\o\sJݝ\"\U\2\\\\\\BS\'\\\/\&>cImDg\?HUx\\ZB\\z㜳\zNͫ^=<\~>/fǸf~rh͎S[D&\\n㜐,1Y-d\	\Zf\r\\iy4\r¯O}\5襱\\G\\|\\?\nD-\[}\>r<Lp\\.n\V\nO*WZNs[m}ĵ:j^\\=Z(\\m;S?uW YZ0\@< {\L,h\\ɾAkSa٢C\kn5u\r\֗C^I}M/!qotZ:N1\\.\=.#:\҄J=	&Ӕǧry͓KpJPH349% }ng\\n4p׈\ztfWa&\7tUDq\j\V]\_L3\n\ZB?\\c\\՗\0W3l\U\JS\n#3Z4\\\\u\\&ru	c\hj\\vt\\C\*V\\QJa[	2ѝʹ\`H|%\nb9\\\\R\Uʰ\E`Ȳ\ru\\At$~_k詭g@>\\t\FDnhMM\=AY\vZQ\\l\{\\ǛCJ\kM˼@KK\$\*>V*\m\n-Xe~>\Z\;\:_\'4^HH\͑\nHk1!!e\\n\F*52ϟ2\rn\Ds@@IY5\>$\T`ޏ\'\>p^\r\#CtQKJ߮}v׿E\N\Z\\0V]Z\Lq\\5\u\\H\`[?Ewu84\rt&^}5;N#A}\"\R,NCzSP&? \_׹T7?X\\'ۭk8;\j\\_\)hvOԧ5X^̺Ԟ\ڴ\\\}$X;\8N\3\\'\\g_Rk6\\\ELUej\\#揯\Z\"\B\'ʷ\0\\\2kڙF\z߿))\SVkd\\&\b\\n5\zBs\7Ѵ\h\\=h\\\Wy\>\͙lR\?p/\惈(\ǅ4p)j7e\r\\qɤ:uk\A\\|!x\~5\ZkN\\ѱ\\j\G(\'^.U\lq)/,\"L&\\{UP~\Kz)9A\è\\\.\y\W/\¹ۨzXH\KYe=\\8p\\ɾ\4:TNH\3?a\n v\_\'weFB\0\-\];O\V\\[v\\\+>8\緫H\1\\}\)\imսΙf\6j\ϐr\}Oս[\\7\֥\\q9̙\\Q}O\ӄ8~\Ta\\'\X\7ނ/\]Έ(\pLɅ-m(\¦ǰ6> m>n\\\\\U\h\-\\\Z1\N\_5gMb\	\<\\ o	\f\Z|0=a\,/ב\d91(!\c`\\ޕ\9/\H`\\\ߦ_\\\0D1\\\9\51ʳ\Z\\m\Z!\:\o*0\Z\*\vxzh\X\j%O$\n\n\P!,\-y#UIo:\\N\\wkq\\\\xnCC],\/D`*rV\\	Pz\yoD;\9݁\u\vP\O\r\Z-F-!Z	\I\|_T&ct\q\O\޷yԼ`}\B\\\\\S\\\\0>ִ\\\c%1):K\H\(\\co7\\\nƄ\WKE\\E\.\.U\\\&\\t`\ś;8 t\r]\\aP\?\^\.y3\'\VZ\\I섽\\,#绪\Bj\3ۥ\4Ob\;QFci2\%\\\\)D\h\t9\'xQ$(\'­5\\\\_r2h]\,3\Rf\"_\`h DV\\	L\r2Ȱ\#]` \r\\B\RR\\\~\\P\x˱~x0!\V\\7SwlK1Z%Ö,7+v\?t>)wrA\!\Y#;s^\᚟v]ϡ\\X{@J\D(~>\\e,i\=to\nT\\4/6\`Ll5\\\\:0H+M\ZX\\\\\\O΀\\u\4\\Փq/X\\#}!V\kTB:d\\\$\nG*-\bQ\]Ǥ桠|\A⼇/w\Q\0MIm\xp݋\\O]lR?b	;߀p\\z\~\4Zuk!\h\lZ\J%7ݘAJ\'٢\D\mdYv\\\rB\\\\}d\\\\\ɿ0K!C}\M\r\\rs~aԘjR\\\\\H!5fOI$.E$\K\0iv6ɂ\d	\V7wWMW{\4J\r0z}*\\5+V\\\ƺ3m=o	\OB\\Z,\@B\?Bg\\M\l\	o\m^45靬&ۨ\4	s\aH{N)$\Ӆ\\\|\~J_\\\\\}\-\0\\\5By73\tX֤In-o\s\]A%\*\\\\`}\\s\\\\-+\q\\r %+AѤn\<h=%#9:\EGبp\\z0V\\f[:;4\T\ߠr҉>\\\Zkr_\nVلc\7Ec\\!P9k%\0Dʄ$kd<.S[\\;+\m=tԥ\"%\=:`ayOs\9\r?d\\i\ry#\\\n\\0L{?_\\Ș&H/eL\r4\9iü4r[y\9x/t_qtA+i;{&Iy\\Nr厪\\\u\\5:Y\\ϗ5|K_*/\y;\f7ĜAƵ=\\\"\\\q\r=vb\\Pn\3yj6\\b\\#Z\\\\R~\AF\F\8\nD\p4XSS\!wZV!T*޸C#E\`\ik\2W\\R\f7\\Ѝvb\n\zK--0D0\\X\ZR\\ñ.\\\φޜj4\\j\ZPq\Q3p\0$i\3e9\%NLI\Eiu\\+`7g8\[J\Z-fG\\yQ$[w4x|~V?cvVc\Fu7Uz\\\\*speD{rF\Z\pQnnjV\To#Q\'B	ftxͮ\\U}\mi\oH;\<\p]C^\Qz\N2=5ZUZ{R9GE\\\ONaZneנktAV3\0ܿ\0ET\\ N-.3\\6U\\ \Z\\"S\0AR`3F7!}+a\\/g\]O\y)4Q\[LK>\~\\oUn{\"M\\Z\Qo\\\5N߭D{z\}\r\I\\+\\{.\\t\J\\m+?{]C\$M\Rsgƃayt\'\??.Y\fO=/<\Y0ڧ\829<.MLg>\y\Ǹ\v}hJ`\^Qj?\|j/\5::<jeB\Ä\\L\"\07\g{\l\\*gk@%h\"o\i\r\`\	\]︱y)\;oo|M[>\"\8\;0ȗRɠ\\\:wG/\Ǣ6\r}DD*2&δ?\\U\\9\sN\͐\0U7TG\\;8p2\\\>\\0\0t-|i\-\тv\.\\0\\EDO\N\1t\\xw9\\\\XMxzs衑\|F\Ӹ \rJUݓG\*\\0\Zc\p\\\u\1.Qwi\D</Vgqu\n#Ƙ\Nc*\'Ew\I؎!u\;|v抷}I\\pm\\Gm.\P?\Z\\\\]C\C\\n7r	`>Z|\Ғ\#\n{)[\r?-LyLM8\\&}|?aWn?\|:\\\i)f\r\a\S,ԛ\Z4\'/mR sDU\r~\r0\%\O\\BՊ\\%8\\!?\?	u:y|@\BdGQ},œ2_E8|\|:)U7\/Kbzǰ9׺\ۉ]C\|s	\Т>$ٍ%i;V\=z\CQ\u\SX!\\gf8\Ro)\-BKcH\Cm,x\GywE.#\.\.\ti@?}\9i$h\_2Z \\ZT@\\k_\Ai쬨w\I3`7\}P,3\\^N+&]\\!\9N	\$\\\\\\-\e;\Kj\c҂f:F\rpAsVaZ\\-cLUkwalL8\kx°PjI\l\nGqH\Fi\е\fg\\\0(\Z[\\\魦a0;G|\$L~s\J-\N\94NꦌS\\q\\\n\bPliʭf`<\4\"\5x1gƾ\#\!!x\я\\"\j\\\dbqDv[叡dSp!\\E!\ZmW\6l\C\\8\<@g\TUC\*\]\>FlaN\s\׎LEj\93!s{<S&q\w[+/JֹPr-\|\"I~ZaCw!ChIRp\ֈ\YM:\\\_\qE&>N[׎EHL\\\	0@l\5]=<\_:-\)Y\LG\j\nY]\ڕ\XmH}\\\|ܩ_J\\nQN\r\G\!c/,\\;FVR-VLϵ#W\a\n\r8t\\r\~\ߺHIH_9\0)N\;3ǺN\\\\u/U=^x\\ې\Z\I\/H\ww{,*\TQGoTF]X\3\\ZMvX\!M\"aḦ́\0\\Z>꧝\\\ꥌy`w|vOEX\jΧޣ\m\\6m\r\'-g\"\\Q\"WX~yW\|><H5\ \\0:]`pH\ĵ\\"D\l\\(勖\\\c\\0,#hM\1Ԙ\o~\Q$%\SJ~h\ߥc4\	W_B\! Y\\o\"Y5Q`\?]`$W}u9:\\-<R[\Q\q\\eׯo{6+\q>\\k!x(\\'L7:\<P\'Y\\n&\\	$eAi\>\\AI\=`}\\"oqw\}\J\7mWEU;\r\\O|+y`@ig\"[\+R41&#\\Og_\2P/\α~>\!\\-\\rhcU\"f\S2\\N\-6KlpH\\8y\\WU`t{M\\H*8Bj\F\\\(F7\6J\b*[\ϯ]~)\%\"~E\LQ\zw\|WX^&b\\\E:S҃uA\\%\$s\,@X\:\$\\\{\\_?f\ZGp!\\\"(!nO\\|v$gq\\\\\oB\Y\0\\\^\\\^0rB\&[\?(5\,cv\\n\\\\v#ߣп⣞u8\|/\śzypaҾ䣲\FCo\=\Ɛz@삿j@\\]93Їb_K\L0\X\\Q:)k.2t\hQyz̷\\3a}\\'lwf\'e\[k\xA%\\r %\\0x\,kr>}ݮ1`ԧ\"b}S\-ڒ&a٣]H\\3\)c\\`$@a>\)\]X|R0b߄\G1>bUE\\O\'5\-6`\\n\T\\!x/.7\~\\\2g\`[mX,F\\^\x5iN3W/wXE\r\M3إ]\\r\뭞(F&t:rk*DdvR\MT\̜KSR\\\nދ\/L\\\rș\\~v>Ibv\\\"x\'&k7~\)m\^h<P<\;\\\L\@tT;yQX\0?`n)#⯘#f3AL\\4\-\\.\!\Aźȅ\tǃ)I+\ͦ>j\Tɀ\0[TzRM$KeepQg\'~5	6\^eT\\g`Zȳh\rvk\H\Z:\\\\\\\{Ll\'p|e\j\M\q	\\\7wcab͋\D@|8-Uib\\[u$X01!A}\\	37K͊\ln,ܭ\iNVA,6v\aAF!/{4Z[ۉȻ5f\\\\\\\>\Zj=\5e\_\m-ז$S۳.\FQgX)t9\6b&\\U+Sir\~\K@\\\rx\\*4/`pˣ#mO\Gs3%o\\\nK6	sƓ=\ȅ\߾ r\\\\Z8\N\-\\\3-Ka\#\3|\\\x,\X\[r\Nw{j\#Ga*T\*piдJ\;;B\xFT\\\k#x\6\E\1q\x|~qL\0\(洞piX>3M\\\#\Z%zzΖY[uwMt;\\]cv\q)2yf|Ѵ\\\\\"a~r\\raW߳R4\g\0\099d\EDkDUfS0VyX_[6U\\)W,M!ؘX\؀ ʥJ\\$K1H\\	u4A*y\egdzA\\lb\f6*r\Z\\Z3C\`\Tje|\\\0pog\"\P\nC/\0\9\D\\\\\\-|\'ClrK\r\\\aS1٭[Ԋ/LtK(	\1\N\~g7L8b\VZEt\M5k?HV)\\\"q5\\+\\\?!\f[%\"`!V9\'DSޟ\r:\XM5\\\ԡ\\\S\#\j\\\\2DF\7:\ve\$pۤ5N\0*+\nwZ{\MLO\n0\M;Mxu4}\|p\\3GubݪQ؁1ggWs(;,(Ȅ2Xryp\$dz=:j\̿\0\$4u㈛\pQ0β\0l}\bDҲ\鵅\7\9\0xX6\\[0WPs\	\*x\u^\Y\`\N\\<Jr6\\\ԩW\?ՅtoR\';\\-\\\\L	ߙIuS\P.\\R?E^4S\VEt\Sj\e\\nK̠\yL=\r\\\nxj\ni!d\[2g8\8\\,\\\8\ݲ(\\\d\hG\Zl\~\޶\fB\j\Zx\ICom(@*C/\؁\([ލ\myB`DѠu\\\n:\n	\\R77\0\X\h]8%pR.D\A}!\>\r0[y\\e\/\電\E\eIs\<d\"\\F>ZP\mkgWId?)O\#\H\{+\beĽ6Q]w4Xw:\ݧ\\\0s&3\\Z>.\ͺGt6=q,\9DNF(\eW\.tb\x>z.a)ƟۅE\n>׎l`x8Ftn;\9A֡R3d&mE	!VGb[e4vt|]\|\]J\i\,\!k\".r U7%e\k6v!w\"\ia\n\3ӥ\"]U\AZ\\\\~^\Ӡ\+\r]\mM`\Z\\8{^ccrBFi7,J\%\\щs\\FCi\	\];\xA\q3G^\ly{{F4AH\B\G\̫\3g8;6p\\VX-bI$l\a\dha\'Ob߰\y6iO\\5)h>&QHx\o/\jo\襇\\\4\^\v͙\eF;W6h\#J\p\c\O,.\}9t/S]\nF\$[_l2Rg**A`E\W\\\\\*rw\'u~\C\"덎ewKF\\<_\\(\c%4&ZE9(Fnb+\\d=\LX\\oD\S]8,Y	n8ulH#1w|\ҘD\^8sxbonS\2\Z$j?d\'\\9St&\\@M\"1\\\"9࣠M^	ӏ=c{E\D[M\\3w\m\T\n=(>p\\\;ބЧ\v\0\2\=]#A\b6|Ze\Z2>u\4Q\\mq\\V\	\\DT\\\.\jE`p5{;Ƭs\\~)\"\\rdy+\\~\񇸞\\n7H`\r9\z\x\=(\"Qkur\\\$ćʸ~?-L%S3\l\\\cMۖ\\XFL\\]qV;&T\(r\\8NW1I?]אjb\\0]FڭbϥqMA׿l\z\\\ޗ/-`aLv\r\\tlՊz\ж\\6=qvXڑf}Y9d\#\(<hoZ9`\'\H(\ػ*B\\rY\\\PZob\f\\e\ȵ%ԥb5{xȷU\gLU\nРTu֣?\5~`cmj7[\\\\\nCB	p\Zh\ƻ#\M&I\z\\\\jE\\)2JQ\9ZLy>(\YqOR\Z\'/-\8\Qu\3\a\0򔀠\VT\E\\A\-\V\M\\r3%\\Û\ve\\\s\5u\\ZESt?\\\Y\\\嫶+\UžԎ;#\\\\讜9;kw X\\0YƏ؀vxYԩè\'Dc2+\\Ao߬m%\M*}o\<t/֧\\\w>^I`$?̪\'\\0v\#[\Mtk\n\r[\\q\\\Ɗ«\n9\+\3\ikx8//eX?\4a\l@\i7bl\\\,\T\L5Msʚ]\Rcۏ_\>N.	i\Yv\0\Z\\̽_\\\"\\'	)9ղ]\\ZXˇ\ޱz*ʚ&-ܘ\kw \yDϖU\BhzRk+G\1?snڋ(0\KW^x}g\;<h.\,\\}X\"CH/c7p?1r-\\:#\\F\6Fz^\"\\\Bܗ$m{X\1|N^%\$ۍ12\1/*3*\oǣ@\5\-\W\\	rY36\\	7\\y+o\+?\S\\X9\-\($1*Y\e?&\=j\ìxk=h\#\\ C\*!~ )=\,R52VQ\Ɇs(~_^\aɎר \w\3(V	E\\q?,\m;\%2eMљBGg\uT^&\\\0\\0\l\bK6\+߶Z\\\!ՅcaI\0$fb	,\ t\n\0~\|\wjI:h~ef%u,8AO`\X\\ţ@0;DڎD\sťR\b\5$*6\r\"\x]\Q䥭!\\jǅVF[\\\k_\x$\nS5MD\tT,`v\fUe\v:\\\\V/\R\J1R\\CRЙi|T\vB\\\\̠`{\v=\'Wn`\\{*|\n,\\Z\΁q\G\\.\\I6\r\?k\XΟ09_I\\\r&\\E\|#s3ZK\٩~	9\n\cT&ߴ\[#aXeFP\nĝH8x\\lxtE&\!1+\r\\p\\'99o\\:/\\|1yh*IޢfӘ)\xz\\	fHj0\L\z$fL!A$	\pdߢ>t5\ ܼQ\,\\\\\r\M$\n\bBE\&q\u+!I\\D\\\*͖J\7\\\-bq,4_\\n\\Z\lCk\я1?0L\\'~+.U\\^\7\%(3\!Bw˽\Q\v88\5K9|KxU&o2=􄎙~\\\\\Z\j\Af^-+[l\67V~\\\,\\"im\\\\\n|~X:3_AJuZD}cPGX<Zyԃ\f\p;v\`Ӎ<\NkNɺ刃\\6>y\Rf۳qB8+\0N̴\gX[?H<Tu \\3$i.\*&\\&\)\b&S@Fl>\rx\Sơ\%p7c;{RXu\Qx\.\\rT\PB~MԆ\%\\_\m\\OթA֍5\0\!g:Ld*\t\-mY}?`fl\7KN\\xty\rhOx\\63bwR,\'ya)X\"\A\\\BO\\ӓO\\n#k0څ\\O\h\\y\G}ƉsH\\C E]Ƙ̲\0z8^\S\\\\+j*HʡnbJ\b`x\\fL?j\u\~\\ewd\1t$-Bgk\\kt^Ex\'\\Zγ\ML\rf\Jz\\z\Wþ<[EM\\ԥI2\\\lyJ\(2H\	>(\8n\H\Bvk\z\\loe1:Vh\\@\Եૈ\6\Z\L\\n޴-vzZTeY\:`\^%0\Ť\ZcI\!*F_\~|ss\\وH\	0]UwҢSO7s\F\\r\R*\{XX`/+\<\\Z\.\\)\\HOY\2RN\reB믵\㺟\$1\)e\ׁ\-`ւ1(\\n\\|\\\:\Qb8Txgru	s.\uRI?\\v7IMP{7Niԅ.\76\esHk^r	\eK$\n\j*\uJ\ZL\>\\zFr7;\/l[Tz\Jmt?jz-\\P\rd\\\s܏\\F\Sx\wo<PC?[Վ\G\/\\ٗw\J\\5\Y\\˹̩#6hgB|\u?\0\0x;mE:OͻPua\\\\\:˄\QGw#Ε+\8\&\1VH;dA\hJ\dXYz\\\\Ap/\ٞ|dUKfYY_(]\\\$oP|\>58\yM$DZ\'H-+:*GS\!ﷺ\c1]},\p?NopŌ9\,\IT{\ĐI\BP:[\\\Xr\%\\\D\x\{p\c{mr	*:\n7xGGqob75eL\I4\|y/i:>JDp\8\\\i\Q\GM,d⾼\\Y\&_pt_o$\B<v.\<w\\\Q*Mt\`\H\\(L$螭\\|[.5Ѣ&~\q\kB?D!\Z:	Z\+\K\L#NC\\\q77HB\~\Kh\IZay̮K7tC!\Ϊ H\\\\\#\w\npi\\D%\\)\\\U\r {~kg>56q4\wX\/\332p+^A1灁5NI.4dGbb\\Z\.v\\@!\0\!tOe\O],\0 ̪l\'/3n*m}\\(\G\Z\zQn*\"\2\Q`~-[\RB_z\0)$]|?d\\]\%\\\x&\[E}4\	\;c_X>*x\n9\mC\\\\\qQ+agm>|%no\\#Z3Oזs9oWvg@Vԙc&\	\]4q_D\/bݴ\\\0\\Pthh!FqR\\\sQ\tˎ:\+A_vc+Ȏu \Yi |;X\)\ٷ4je\\S\V9fjs|M~P\5D_b#\'\Xh_\\z\y)\|l\\'xy_ڑ\\(\G\\0}ǽ2\\LW?l)\o\g}bO90%\,\ױ\\S㷲9\C\$Jl\*\h\H\'h><j-\Y\\fn\3;1\z\L\E\ё\n:\5CEc\\0\\(D\`\\v\02\l\k\tC%I? \~V1\LׅU\ZR}4Ѵ\:\0h5,\\U2\0\\$5ȅ\=\}F6	&ڃfa\\;\|\"PSSh~8\7\N\0P 2͵Z|d\MkB^ v؂\/ڏS	/m`­\5H\Wv\\\̏\\\iZoAf\%\*sL\y*2&\(\Ws\\!i| Rj7\\:\kZV*!@Tt_e7\0\]\\VT.$\\TCi.\	(\|d\ \Z\I:^\ \\@\ys#\̖\νO\\vFW(\F`V<:\0WtW\\ř\u\y|F\Z6_\0D}\):ۛ_Ӡt+\\Ҝd)\9y\\ u\o\\l\ESg \2B+̮^࣒g^\Xz\Q\\\7x2\q%Qs,\6.d\E6\R\*Եc@\ADf\g5\Z^ n\sb\M\5ݳ	\\K|7\C\SEܳn3^\\F\\\n\.3Y-F,Na9\\I,o9)\L\ʉ\U\'^\!f\ύIX	A`\hgR\\4ۚ}\Ǯҷ\w3\1fRȶ\m5<ȴOf\o_\ \\"\_]J:\\Z{L\{АEtN;Ţ\\\\n\,\?\ra\ \j\0lV\<T>y\nQF\P	A\j|v\\C\\r-uPIG4bs\\H\\`\E)CCsV{А\\M3jH2\C\1E\oF\\.@\0-tN\r\bWtA0o\B\nffH#\KKhV\\!N\\\ۼE&ø\\<>\vhʟ\\\\#S	\f\T\.\;F?\J̾ff=(>I}5c\>m\/\}\"?V\\s5Y<29<ߣm1uOo\'ʔ.!J\p\\@jg?M1N2rP\Y#\\<3R\C0\Xz \"l\_)Pj \jKjs>aE:\r(\06=\BZD\C\|1B,6\\s^),sb\\\r\˨b\9E\ot\G[\oDCpEko\1\uރbnŦC==20\[VmL\/e\|\K>\\\x\\0#\L=c\O.ldOn\CУ>(B[\h.k\>dB	\\-]\ZN\rf\̺hإ7\ơp\"\"\m\\0\"\\\}\3MWw\n\ܨ<\M:)h@Xu\\\\.-T\0\7wh\0q1)\;\𞖆\]sLt{+]#(wp\Ali0\'\g䪓CYz1U\)nӱ_{EO\Zq\rB	\wB$b.\%iP2\?Y iYhл~7\\r\Z4\Y\SKj,\l\nKEsߨ>M!ɾd\]\O\\D\\=9U؊w2X\Z\\tToa?\\\\kKv¡v\\	R.1\\Q:£7T\<[M\'~>-LPUn\\|kE@#\Z<*J(£\^\<\k4\\ע\:ϰ/1<&\\:a\\"q=7\^\\N\߸lNoF\\\f9_8\\\\4#¾Y\i\dTT܍4\\\C\[k\=p\8\n=<u<m^78IXs%\\!>\\\z(4M6?\\\+J4¤\"8g\B^\g\svwA^E˭d\bL\\\r8\Р-\J1*\\<m\=@FnP\\l0\r:I%\KfPeĳTn\\7Z\<{\)Ļ\\\\,\\\\\nI:\q_\]D\×˸\4\Z(:\Qc\l\4B2>r9I\\ć4N\!\x\\nگ\D!Pmdٯ%\Mq?\)\\t\05a?\\jt(TuB\\\<M2\^z|\KwO3\E1|k\r\\R\\Z$\L0\"ͱ\tZn*\@tpE\nJk!L%\\\0\,\Eʀz)\Lt\ٿ\L T%\%,:\\\\lS#\F\m\d\(y2\"\w\D?\e\R\|\[Z~Q\\۲n\ZA\)A2\<7إ\&1֩jS\0\Z\0TE)˽YdC\"Z\\\G	b~{4k%ˑ_-h\wj5ȡk#%D|_J\;eh/y\\A\r\'*6u\\&\\2\8\\\ikZQ<XHr_\\Z\\X\nQ\\=ru9>i\\\Oa \e~T\\t\݀Vk\kyL+qT7HO\c\ZH>#(\\\n@y\䄠ш\\\\u\u6B\C-\\ׂjg\\F\\\\Ee0\'\_}U0&I(I\/\ \0\T\G\OO]e8JF\Zьjj\Zl\\]=E})z\@gq\\vH=\0\%#ƅQf,t3/Psd\\a\H4\OxN?GW \r>^\?\\ҍ\0\\f\\>e@I\^6!5Je1U\\u\U\0\ףּQb\r5J\'N5ì|a\\"\Gw	1S:\Cs@\\]D\Z\lq}/YpO1Ø\r\\<~8窟}䖱>\,&]bH4\e\Ğ-\S?e0p.r\{\n:\V8\\!x׀:F\iʴHJ%05#ܹEF\\rWm\DA\11:cso-\؈!uXj\\D&?0bm$j᭣\E\\\\\'ak]\\7o%y.)GRb.l\ϻJ\'w,\n\\0\\bv)\ӵ,$~cz\_5cGeQ\\MFB:\^M\9\g\e?u\Q6[$>d		LqDL\$H\1xB2]g(Rq)\t\\I\L+B	#\~F}\\\\n.\/M<\'cIy#|;O\J\C\лTT\}+g2\ehG\!.J\"tW\I\2\\\DM\z;\(\+@O\\TL\`	o,A\\#_qh@\ŤO@6\1.b,\\&\=f\@tٺ	)[\n_i}B_E\d\\)\\\7?	әG)9<dP8l89ѷ\S\\\MyK=\O?=㦧\x\ZKt\1ʹ2\\wG%v\\l}&\ד\'8\{1\\\mL~o\DCAƍ\،eT\\J\LM\Z\~AI1\:w\^	k4\\Tk\)\\Q)V{\t\Ӳ\n\'\Fzw\\ˍGiSRlV\Z*|M_nHeSR\ZZMTv|hD\iޡZL\nӗydx>J<{5#\v.)+lʫ2U\A\\E\\4Y-yO+t\(u\bm\H_2Ws+\M\rIԣQ.\@\+{\Z\m\Oh&\0\]K\fI\\ \\rȱu\R\5pm/>\Ruw*H%H\y\Ι=T\U\q\Uc.I\X`\o\u(W\Z?T\A-f\*\xRM_;\ʰ\\ē\,\hqO\8(\%{\@	\p\J\vNΏj\2T򿸈i\g\r\#vܻ\Z20N{;%\\"A\紙:digHYQ\\E6VBjמ[F\'\n;\؞l=5/\_E\y\d\U<y\SC\\pfce\	ȷ-\\I<\K0ZkHs`\J@z5#H,@*g\\<\1MZ⹩\\'D2E\\\\I\Ip9\rq9\\\+\\N8iC5\K6\\OK\\QG/\1ASs$Lַ\vV\QksSπ\\\LIp\~&F0rE\o\a)@\\"P\rjQc\l\\P\M9\{\rSLǰMT׵\7\0T\נ\4\ޢ\-\FQ\0ﱩ;ZC]4c3HЈ+\:&B\e8Z&\vvG=R	D \J+cke\\4\\n5RC87\\~n>&ND\"y;ۅ*Z\\\'(\,Eqс]U֎a:\\W#\rMRA\\6-\z?\d\qƑeGO?\!\Z>!8$\\֮[\\c\r\\g1Q/vBASQvU9\V\ \\\\`0[\\z\0\g\a\O\i\jY\O/@\\Z\om$\p\\\&h*]\\'%\Zcsۢ;\\\I\\\m\[\r\Kq\^\d\\2\\n\\Q\\\<Ps~bD^1l{u\.\"q\ev\_H\p \\T\r<`ȭZ)\ZjA@NJ*\H2\\CtSHB\nF\H^@\\'#Cp\\'s\'s|!i^h\/u\0\S@қNO\\\\<(\\xcH8\.3\\0e+oJ\\E}`X<\JhTS\:,^H\\{\{;毓}\,`\\0)\~Z+J\9\\\X\u\aeəA)\#KMKtyz7|XQ5\<J\!ܘ\#8q*Η\WPB\\\R\: \l\\oL\#Y5/mcj*)\ǫ6?Ⓓa%\\IN\kT̫5;^\s\\Qm\WS_Z\\^\󌀙\\Zd`<΁Kq\R\fr\\a5\"iryR\\+sN\]y>{Ӡ[Yܐ*ȳ\6%s!|67[5x2\\)z9H\\^Rb\۵	x\\\zٱ\\xu|j\\)C\ɀ\\Bc)-\{\A\qVv\<G\aL,r\/O3jS\d,9\P\AEXb1MMU\\\\C\\X\;1edE.4\\f|)\E/q0\G\\\\7M\N ?E>iE\\\\\2Z\qN\g\\:?H{\'\\E\'#J\\\.Uif</\O{ӕ?#FJ$i\0\45Z\\.d#e\<0IXh7]\c` \\m2\P1p\6P̎s\rh_\ZW\"\r5\\\Dre&e\\ryV³s`\\\\D\'\?Q4mQ\3\\\\`3\CXOM_r\p!\\'tأA\GXj\j(\7c\q\\\\\AB^\nU1\\X\!r?\n\o\ZSq~\n\\n\\u\yQ\t\px&\\)2b\\',\s1!\r\ri}\	\a!+Z\\\\.C>m\n%!ֺAZ1\.|\	̠\rA\';#N1n\\<\hHQ3<@9\\FzEɄ\'7^Vlck\s\\5MR\%O/\\lȷ\x\yퟙ\"\\X\}W\\ȼLlW4\\\Y?:#:W2\wT.OKBe\\\\\y\B^vQ[ɫ66Ԧ\\X\\|\'A\n\\"9\>\Z7\\=Q\n~ FBnE\"cCj\kAY{`\Z\v2j#\\\OrcV\N\(\=\'\-@*\\,\\']A匊\.M2\\bg\r\\Q\Z\\+c\dNnM\\0kf\N\X}Ӡ&\W],8^X<L\o{Ϳ\V\H1\]`\a\B\\S7[^B\̼\s\$b\Em4\ZQ\6\\\t{ϞL{w3\bd\u/\ub`s\\R\\\oi#4p?߫ԯ͎\q\pq3\\|\ȑOj\6\`Î\S]y\V\'\\\Zdj``s[\\rf0>TA\nm\\\EUlT\\.&r_y7:-\K\od/\\cPr2Jת\V}\)\!~I%\}$(T\\=43\PaM[	k05n\\8\\7\KXzi0̤7\ZU\|unh_\0=aS-\\\\m\\C\-A\\\\,꯺a\\B\n@\K`[\QO\͞\87\\>\a\\Z0:+%:y~ɓ*\\5\)J4\5§\-&\o(ũ?\\8N^h_K\ޏ\ʟ\ݼe\ݾ\D\\C<dDV?r&6<2\\\ԋ:LT\[QyAEK\0\GL7W)>D#_[\V#9\rUx\\bB=3rg>\@\<\[n~1¸\0\\_\#h\\I݁:VQ\&Qi\':	3\\^R{Ji\Wc䅋Y\cWWBTr!7r>\L|ENU+>\IYʡ<\JXF{J\Qra\+F\\YiΜ\栭zKD2<6^.M\ILʠ8\\)\~\mtqaT/\Kq\.Z\\tF\	>{v\\p\_c\\QCPjB\\W&п6&%vf\/\\f\٩\Aľ\o(,A\I{\q-b-wZNj\">=\YX>ˠh͐_\or|\\\"ᴙWk\n؉\\2$\Z\0\&-\F\#޴\ӛ\]\Z\\g\|\J\hB<\\r\Z|cW\3\\J\\c\\9\n\k\K]\'J\f>sSs5a\\\\7\p\;5=\c\\n$\ы$\\d6\QnjjZEy吞WT\s\\h0AErZ\\\"\L3\1\\ju\\XwZC1]N\-7^D0uчj\\WE@t\8Cs\\\|\'R<~:-_\\}B\z\|(J\hm\\гե\̦\'\\ZRS5:#V+P\8\C\'$\\\\r\\W`͒ŞLh-wq\\\zx~әԺ?	%˄B^#of3m3Zi\\V\̱&(~8\\\YH\!A\וQP	ک\=w\\\km\Y?bR3uwH\\\v1\O?7}Ns\6l<U\%y3D\\y\'uZ\{g7\\\Z\r5sZ\?\kFd끿O $Sxs\\\&\$\,\ZQ\0oJch^\d\\\`ҰpE:\oUQ,B5\0Z\fX\\C/@NI=߾\oo\ny\\\Ĩ\.\\n\ށ\K$+s\n`\	\\	nz84XLro\=\\ӓ\\\#N\~W\\N<\W\t{\˦8\R\I\g\'j9\#\\Z\\\nU[nwpu>vc\,]\4L\rLW\"C/\r[fJe}\\\s\j\\h+\*H\^E\'1#P\o\WR\1RlI^ZA\Q\\gtV=c\_rf^6\\2\Z\\\5\'n\\CE\NPy\J\#V`i=\̎y?\[ּ\$\i\b\\}\\/\\Z@\ٚXh%#AxzJcu\tmLy⻳b\Pks壎7T=	L\\Yr_i\#d9dbYH\S\Ma\SV)ͣ19\0\@yWQ\\l.P@gP\0yAȫ\\Ep!x\"Gpͩt\A\\~\0	w\96Y\^]\E\V\8\Mnވ,1\`G\sG\ A\\Oh^^\Gj\TZ B\W\[9%\A˗\\Q~4>c,?hVM\\QU\r)b\_l_Q\~\Lbbǀ(\VR\\9~y1\\\KEƛn]6n@tH\f\,Ѵ$\t`$\]GʑRk\-oi[\\?2ʻ\)F\\Pl\nAIyNp˺3N[U\f_@i\'tH(8\ZF\n\aLg\rc{O9\:\\\\s\2%/\'fy/\^</:\\UC\\\?\\n5V%?o\9pz[iXpj\fi\m}j~.6&-\":tiSZGou\VWjJ2qܴ\\'\np\DF/\=\@\B}\\@\\o2\'b.\\\'Y\\V\?t\\=U}$+;vj\Pv\\Ju{\"\t?DL/\\>t\;c\R\\\UI\ t.rb|I\ݢ3\}q\5\Wl`\*`\@O\D37_jIKp1\'(\ٸYLeŮޝ<pfqd\"cZ\rL\nVgA\v\vu\Za&m\f\\\\\"mКI/\\3	\Fu	!6\aM.v\R\'LnXa)6=\,Ȉ\riTnj=:Lz_\\fK\}\\r,p\\3\\1|rOK\G@z\VK\X7|aCFGHoF\#V,|q4ҡ1\Cɶi\jx\*\I\.z\1)\\3c?cˮ\Q\܆-\s\\Mf\\nP)nvB\\@\o9Иġ\\\\,a֏	vƏɤ\n{\d\df9\'W\\;5\BDR\j\/qk\'\5-\t	dL9O0ݭZ0{Wu\h%wb\4f8Fd.ѡ\\ģ\\\F\ \uWU=u9\\\\\ihB΋Pm,%d҄\t%D?\{}X\\\bqʆ\5J\"!Ɖ\\n\\\˾\\\1f\WZ-d\\\\Sƥ[/H\\y)\\i\14?jGױ>\\\"\<58P\"`vv7-?6WE\t\Zh\m\\+w**u\(\\Z\m\\N\\;Әd \|K~HpۡX0\`\\\\?m~W\\	\\2\\\Á\Aӻh+QԶGXRg\d\.\,ZG|)NV(#\nSϗ]1-S\"\{\.SbU5:\pJ\"|\\h=\Fi\mHs؉_\s~Yxa\\\אF\Tz\7\\q\6[O\m͗\ 2\Z)\\v5puE@:z\rm\|\\0I6&[ȃ\ʸ,7IpZF#(\\(3YPޛ\\\\\-=\EY׶\*\,~M\:\adT-EF\D̔%Z<\\r\|\\;?Vf	~haAaS{<Ct13]\^E\ߴ\\\_\,)9\\90d7\'\rC[2Q NY@\\'4JӕU/Q*\"ve5\B8\}gFM<\\\U}>,\Mh?C\\U\\G.D\l6Jm`\w\\92!D\\ y.K\,yO\\\!e[7L\{b@\\\I|\4_p r\8\\ؼQ*P<G4\撫!\\H5\\\zf&\\6gx.lWⰜ627X4qw\\;\ѫS>\Ý\.ɞ<(Գ\0uƺ\\̂9\U>IA\/\\{\'6\fiDxUCE,57:ƫb6\h\\\\b\º8M\'\V/]yg@q\<<CLpc\$7\-4=\(vq]w1tV\\6\5\6SY\a\\\H*$iƜzNz7\ĞuD\\2\jTL\h\Ŕ+\A<ӂ\%\Kuhܼt@v`lfpi\s޶2QS77qi$\\\\13L;yRP\Ǒ\"Խ|iBam׋?Kա\nf1Y!x\\?\0Vf$\\cT >BmH\\pT\wOs!o2#b*Xhs*iG\Zy\\#9\ߊ\7ҙ3=hu\5Z\nO2UuhUp\ъmf\b[kҝAo!G\\\QaC\\n)\擆rF\!<\\1CxfM\\\t\UZx90Nj+	s\rlʓPltn;\٫\r4Pɐ\I\\n#0Jt\RCO\\n<x\\\,N/S\o\!ѥ&nT-\r;0U=X\\\=\\7Ԑ1aG檟9\e\G6A:G3;\0.\3\rv.\58\8\\66q\0q&b\kij\}r\Ucz;\ϯVCL{B\gCBp]c\w ,f\\B=};\&,|!\\\H@=LG\\)g\8{\hx\+\'a	`gU*L+<?\"Z\Wdp\L\YCnq%\fO\Z\BgVPQ!\\?m.cWG<֨\\͍\h\]@T\n\eAE3\@?{U\U\\o\C{S;/1\XF,%7T!\+B\s_v\h#ZZ٪!+*r\\+m\D\\W!-ޔq\B\۾#HeK{\0n-\02\\U	\0/F+{C)\ײPup\fidF\ƸexPӇ\'Frg?2U<},e|\\\\\Z\>[ja\x\"2\fɧL#`\㮷\Ix\nbjU\i3vȒ\c$\e\[k6~c[ر+ Q0OS\b`\\7XMg5F@7p^-\C>(Zz\\};{\r\\\I\Df<\\܌5u\v_-`X\"Hk#m\Hn~Jqڬ\]IW9LU͏qnQ\frPе\"|UoXѼ^g\\ЩhV\\v0Z=*\~+n`G\xG+tDz\jWZq\\\"s:\\?]W\}B\H,X\WŞ\g\Q_\+c\6ُW&t0Sv\AW}F\,Ae=\*j1\0\>\b\-Q\n\z\a\ed\\σDyR\\|MF0bbYl?k[{~<@\_yߝYd\\\Y\(Ƶ232eG0\\|\\8!\y\'\"\\\i\'?vc:_ag\t\/;\`S-Y\eLk-*\6\t^j@\5J\0\wv\\\"\|Er\\\\\!hυ*:N\"\_)L@<\\\n\'\Co\ԫ\]LPY\\\\\\n\$r)Զ\\;.\\t\&k\bb\Z8i5\>|86\\w˟ЉhQw7 ^ ƛ+X#D5w\6`k+\ޞŭ趝Fjꊱ\mE^K\<\1Ҧ\\v\BH^^\\s2B0,ć@g\\\>>hT3є}\m\7(ZҘ˸\*\ѧY9r|Ƅ\\O\լ\3c\\{w \>JGh[P\\\\OX6-_\/dI\zT\Ps.H_\|0\\\8>s8}\0,\"fS;	\\y(\C*X!5.y\"1I/iu5\\\T\\n\"zc\^v]ֳhMǕ\5~(\^V\C\1\S^Ơ<Vso-_\8Kmo/rpbX~\\qvP\RP;Ȇ,-rȭ!\$\Zݍ`A\nܸ(Ad\*\P+UN.on\\W;C\\ׯQ\\^Gd\\v^%	v!Ro2\\\\x2\\\UP_锬nT\\0\#\Zzغ\y?o9L/\\ź\\oJ#\ъ2z\<Wp\M믾\!w\_\ybz\!gUE,Zu\n#93t\x\\6k ^MaN\P\n\6\\A\}PW\%\3=˟*ٵ\0\RW\t{-h\rOku^[*]:PLR	5\mN\?\rj\$K6c0\8;\F\\0	\);+QPX\1L.s(\ࡧ}eYBM,nء]\M@\|x\\\۠\\e;\\<EՋNR-~!tq\ͧfCމF\\\dqم;юZ߀\'	}5\r0\r~~(\qhy[oct|}\\Z4%/\\\ʤ\;\_y0P`o\W\\\5V!{8 F\\L\O\.=\ْ\\!C8r\Gۻ6\'\?\3\\\kYF9\mn\ɂ.x/L7R~\wؾ.\\W\HRm\\C\\0gw\?\0\<v\\)葟m\S\{{\>\\Z!\Ƶ&_A.\}Y9\'\Zʐ:TEC$J\"T3\\Ӥ\\r2\[FL,\\"V\sbHYlW\+\>\0\:iZ\}zC%5Of\7\Lo\\eB[\y;PCR\\_	\\\E\rQ7X2z\\\q\8\\\+\|5\&\"b\\\OE4o\b䭘X\Lt	\_S\Z\\\!L\;תK_\6Ʒ1%zH\zlN\ZF\)\	#3\NX|)\{;8n\\W6 #CӊE<cj4 \+6*_{]\1\\\T~\Ļu\9x\nX\r,4	y\\\xFn;\\\T\\\r߽\*6\\\1\\\yzCXn\":\\E\O1\-(f\\\0Kr]ȵN\r\'\8\"q\mYv?M\\I;`ӌ=\\\\,cw,S=\\籦^TF8\?b+}x6\\y(\Q\ֽ\w\O\)\\g8\,f\feJ\g+02Ldx.[K6(\s,Jm:RH\A\$D;6OJ\=\mF\\Ԥ\'K\\궔n}|Ds\\\MYqsz\:O;\\ѧgBOurK(/\oX\\QnI\#\]\a_QJ\3wXbc;8\Zo=.=/1\aOt:\\]߭k;/\ac\n\"sxlꌥТqf\ᆧ{k̅Q8hy]CШE\bh \g4\\\\'KhZA\\v\mi_RߪWn\Z\}Rޝ\\"serJ\Pڀ*<X!h&E\\U<	*\@\"n\\R&`*~^X޹\\\\\\A\_B98\ne\';\L\q\Bh[u\\[1<\J\dۑ\n@\\A\r\M\'W&͖\ZƅbTέٟO\!TX±mAV\\\d?B}\iܿ\E3Dz\wPS\\ۣ>X\Nr @\Ik?O\]M\mY3u͌C{D\Z\<\v\Lo\Y\=\\r}swV\匄ex\\\DL)̭~\\\5G>B=`\\_[&zSӾ/h#\_	e$}Q&V{YI?\r\MG\z\ZR΍6%\rn\~QВSOz\~ɇTQ\[#	?;\q@\\JEZ\\j6\GˊI9\\0u} \k@\(\0\\^McĀx]5hګ\;\5eA\k\"\>{\tՎՋ\;@:jq\\^J\r)~\;\'RE\\۝B_-\ָ\\rm\l</VirMHT=ާq\\\\\ptI1*ز.~uІjN-+}h;*+k\\rw\\Zf7ȟᩐh´{x[\u4G˸t/\:\rs\VCKP\_S2~\\Q\"F\\1\\l\\\&\E\A)\Բc\~&W\"\cKʭK.\`_>T~gX\%\\\\(T,v?Vz\➼+\\\\v\:Zn\7B\\\&8V8؊Z\P]N>R	2\M\\+,{\J\\\w2e~|ж(@^ˠrl,9\rI\պ\ѓ(\ɘ\\,\_{1f\_h7\=݂62,\\/\\\o\J\(L-\}f54%FjTHzFgo\"\k\xh\\\W\J4*LCY\P$@_\\*\n\"\\F\3~\٫\0ɪ6RC:?(O5f\\lkK\D\'\\\<\`$1\8K\$B\\ڱc\3e~M=nR<!_ \Z9un\y\\\\Unp\\ne\PfHy\Wg)N(\P\ryfPAֿ]ˬ\'\cL*\H]od,_\Ҋv_9}]\^N5P\ \\4*Tè\N-@\G4\cd\\[~H!	uP!\\"\n\a6>\f\\\"Jt\0+\Hx\F\\Q`&S3\"\\ZGZѼPMUb\/	\l\0!I\\n\\'O\\rd&]\\r (ɚ+\YSo\C>\l-|e\0IEq)VGQNfRH&J\\\\<6uc%w\+ v#\%[au\wvm@ek;\9\T?\ބ\/DyDYu꣯\'\Wy\Z7\\nr\Z@n0?\A\a5OR$q{]1Vg>\\\\g\\E\\;۵NA<\Z\Mu\\\Ǫ\\0\X_)\(kt~\\\[qh>vg`Pr|v\ώ\{jZ\q\\n\\\j\\oJj[{\,0\'!\\q>?\~qxN/d`ss|AG\xA\\Kt|ko\\! \h\c\jhD99Gf!ݪ\Z\\\\b2;\\pt>J[~\r\v\L:2\hr}\Q\^fm\+s\g`+\\҂WX\\k\rY8\ũ\r\׬ey5dG\+\\"_68zԒ\\"S{kRX۞yy˜C=B#C/A>~_lv\N(\^u\9G\a;d\\\\+މ\\F^ڀ\\)\r\s䬸4S/ŊD*A$Y7¦\N\\,\\SF5n.	`0b\K\~+\r\\R{\}\\\\AGǯ=\X\\=]fҳcl\\\Tuή\!aK%7T\\A\h\b\'ԶU\\\0\\"\`/<^6̠\h[\άVqgOXV\#\{\\5\\\#J^,c\d\gX.0x\aE\Z]\fu\,[\eaYQe\Zq\up[8w!D\p\u.!z,+\y\\[.<wb\\\WWW/<0oF\\\\\Ylc\\-\08\S\ZoHUel\v.v\Ὀ&%\\[m7\4c4\\\n΁`?[l\0iF)Xe\4,UdEe\Z~ärn)\n\\ɘf\Z\bv:dfNﴴG8\4,p\"S%<X!E\\_кj#zĬ\\޶GQ\**4i&8\\0\bTkZЀro,ũU7(\*\"\,Pn\f5\b+!D\\Y<m\=\\0-\\\ͻ~)*USqg7=,\2I!>s3U\Zs&ƨʭqQ->-\R\Zwc\r\bNS\\"gkgaS|[z#sUJ~Z	\:\5g\_KJCz;9iRPl=\0d\\\izR}1Ec2\AN\\0zꬬ\!Ï\1h\\_\J@%\\\J;\m2KW\r,\-\q	ΐp\\nOK٩\: \+Ca\\b\\	\Bу1ԣV\\<gl:|\Iv5s\հ] \n\!\.Y.zhi d҈,\'mF3i	h^\\rR\r<\\[ЋB_\'0\'JFe\\"✌7	?,M^\Є\Фd\`\0	VBCՋrc7\\r\\n)m	OYO\&/I\H2d50[z\6|gM\T8\\ti\5S:ƨs!yLV\;T\	\|8)\5j朙\*ʬ46\:jTkgq\\0٣b\\PbNSh?\K=N,\0KZ5dI\igz\q\\\\L\V\_\A{\ȞJ5)$[<0qnpŶ$ӕ	_]\bSS>t<\U\\W[\o\Rab2X\Sw{ lz\r됣\Z<<_e4?e\r\=\a\rw\\9S`5\\!K{#\/\=\'\dh\\'el\M\\lꜨ\\u̿^.Н=E6\j	Й\RKȘhM_Y\\\\\\'xo~n\݅A%>\qhGQ4\jh{l\dh\	\#{w%c\"\lZ2IE)YQj՛\\'?tP[U&jzx\\>3P͢@:Cr\"Dw\+\\qn>1BZ\ FK-8\OL\limN\->Sp\\8\L\뀪\iwmy1\+c6\X\ʄ//鷚φ/\j6\J\v_pˣ\\\$\0]\q\0J{\um,|3x\f\dG>o|\rRZ̥\"k\'Dw(D\TXYbS\Q\\\\~\g\\ZJwEW1\'?ƎOÁ[\\\ˎ\R\~}/`خ\\\qJ4|\O_(KK\sLI\=|ĳ\\C8z똝N*9=pd8%J076ɰs+\MN\܁XT\14d\\?tF\ne8\\r3\\MQ\O\ )\D$\\OW+˛<[\]DЮn]$Qj\\Oiq\+\r&rB,w\Yh40hݵfZn4g\8J\xڞd9\\\\\۬]If-S\\o\:tzB\q6[F\Kff\r\DgQ`|\\İ\$6y1?J	\Ɣ7\J\\\\\\\\\R\^ߥ\'>\W@۽\n\\\}ӑ\\ǋ	9O\\͹\W`	\_2\Š0+VS\#=J\,&\ \^\eeH\\n=\̕#ЗPW\)\(§4w\T`TƂi2\\"ԅ2(\X*T80%\83ʹ\h\A9_\x+\Tyϡ\Z~\u#V\\\\W=\\	2wo\xP\\I\\BFs\\\"\\"\$Zf\8¹$\IR4\\]\\r\_d\\"5f\t{xyWO\\nf\\H\\>\\n\09p\--)8\\'\"?\\\AI(\;!\r2j\L\&WG\n\\\\yU\Xno\CA\!\ǚ={x_g؈\d\\'U\\\ZB|\\N\`\\\i3o>\"\\\\\#	\G\'\\\s\0j-i\\\\n :z33*\\$*\DƗuK\?\;\>Ũ\gTOo\Z`\[~\\׏?\ӨW\n\\\<\R\OƈwՐ\8D9\0\rQ<kIT\pxO~~#\\c.T\\\E{wꣴ\\x\bJ\nl\'gY[D\\4\M\^\y\\pBf|A|vhoM_	&!\\VCQ{\\۠̏0=аJBs\\ZX \53\S	t5\\lv\AZlP*ku;6@Wʉic8\r9`%kϧݤ\r.|xbr\\p0K\$Ǽ\Q\Y\"o֏spy\Z\E@!*YB}p\"¾\'\vK\\#4*q\ZWa\sd\A$0B/$([Oĵ8\\\A1\Q5`\cY(ͧaK]\*玨\u\1y\&F=~Ľ\d\\uL\r\	\\n,\qAi0/\\-,Rr|t>$ܐ\f&6\H7ks_B)X`E\˷YL4.\%V]ʲ \Z\UpƁ(\n\Z\/.|]u2tp\&m&~UeH\n(J\\5\ۮ\'^W	cV\ZΞ5\PK7)VST-\!D\oF\Eލi^\$n4\w1\\\L-ݞz\xݹbm9\aጁܾe ԡ\\>Y\"4\JKLj\'P\?\Z0|Y=\1xrΔ\b\MPؗznT\\W$l_0qs\y\<<\S#u%{HJ̷5\\\	|d{k\4CÀˉ\\\h\)\0V<\0ԡR\"Ҁ6\ryWXcLO\z\t\\\u\`KAJ\\\nxK\Z!Q̊Lv@z\\Bʄ&\i\b\\Qi\0֬1\\ڗŹ-uM\'	<ܱQ\*O,ЉA*n{\\Z	cX/G\A*nv9s\k\')A\`zVR\X_JO\\Ȋh >iPla\)k.ܒ]n\R+ƣ\"ГNX\J\ÑҚs\\\3^rd1+.1\\0й/i\e-ִWZZ\H\ZV</\8}\\\PWWB>)0CToICM\\\1\ \\;g\d\05<ZHC\&{\\AK9qFm\\\<Q\wpqu\DUuI.T_1@){^\^\f(b?)Vg)aeH\fX*\7\\\ۋ#*_56y$+nFD\j\{\1Z\Z@x\DS\:PQ5^࠯ܓ)uB\nr7OV\\hJ\9TmM\~Ƒ\8\Z\kT Z,Q\"\\\\a!>[@d$\^~\Z\̺?e\[\GhJ:\,*ԑ/a֯؄#%me\FW{\r&Z&1\\\\\A\ET>\G4޽u)N2\T\). \\̕?A\\\";@Ś\bYB\S\?\Ќ\Nkp\lTQs\[\0IG#my#٭䟠n@X&vd\X}ܞҤO\2#,\\YΗ\'<Jvd\\Th_`3\Zt\^Z\\\'\\h\\\GD\\Z\1\\ŵY\\ˈ &l\\Ҳ\QMH=oa9\xѷ\??K\\td/ǖ&\Ș0QD\Ēu0i>z3Y֛\\szeRy\)[\\8M2m6\3dS|K@=o&\)@_\̈YӜ(3#^@@\\t\Ch׺i\\J\N\JȶSk,ϭH)(/*D\J\8_h\Q\>\"q\\\\#y\w\ZxmOn?[\>|V\\0R42\'\^Uv o\\lڎ<Gby̼ėӦ;SUvϬD\"\[/SY5\Jo,=\\ޔW܇L\nqQ$u/=\$j\L׭[[\nD}5!q\\z\k\"K\!}O\ZVl1\%	Pm[۠\\~e\@+-~ia\\N\K\~&\'o%\'N\\'\?7u\\U)WPZdH?IɃ@\\v,XeѮ\{Oz$vF\/\rC\>uZ,\B&h\"a#\\]`7,B1o:@ŏ?\uU\\Ýp\ra;\|\X\\ࠋT[{ͣ1g\\jbq\#\\P\\n$Ӵ:xz,\\[Us8\A\\'\u]\ǩDStۢ\c;%\\\nl\7xԇ\Z,B\ib 3%Ӑ\E\\bH稠\ߘk\Zfw\\nn{\n$T\8)y!\\ٟٝN\:Y[\\O\)aʀ4\3oĨK\n\rxniq)˴=kɴJ)Y jE	!\?\`\\'.ε\\D\`X]]$ެ).MLMT\e\3	YRӯZʍ\\nCMwh\+k.Fm<ߒ\m2\n\;\cO[\\c:\\%\ZMⲾ\)\/jU,<\\\B\`\\؏B\rl\31\JmzD\\~\>/-@T>\м\\q\\h\\WWޕOE\o\D\\"\k\\%:\\-\\Z~4\?v\jO{m߹хJ\h\a\g3\\\\n΁g\#gn\uպ7%˖HZVz]\\?Rx\r\\\D\ַ\`\\\&I]`y\\#뱑V\6Zv\C\h@@\\\|hS&\0\b\w)qFU9\j\ \"\\\0\nS滒̹J\9\{\r\ϱVw\4MY:wO\$[jC)\\&\07]\'7/P[\=x~lh\\\0\\'K~`pj~0b\\(tG(\,\\\2e\Ě\?0\\ַ0r\T̟\l\nP%,nޯq\nm!68\\\\1Rf*\>@o{rΥ\\E)Ɗ\ڳJ\\\]&[\\N\\9\|϶2}\\!ͅ\tK!J\ЕeL\mc4\2-&(7.#mIbʹ!Y\>s\X\'\*\\roun\>cJrN\\\r%4!i\\8\Q\ٵw5\<fª\\\w\"V]ZQo\D6~q	]rk\4G5݈R9\\\y\m\'x\V\\W/I}\[v璞r\\ﻹYԋ8c\DjQ\lî\88Ҕ\H\\X\#\F_p,Q\Z%)\hWmB/bY+k\q\7\g\39xu5\@l[&\{ut#\y^khݽL9\	X[T/SC\\RhYMyE?_\ZϦ\饞GëaWZ\7՝\۵Đjabq$ۣ\\`Hܨ\\\\\Zް;,Th{U\~K\\ݭyHگ\\\BZ	L$0\\۸O~-\I,DE{\>\f\w\\MZ\\G܂Tli\6XJj\r\>菁hW3b\zD\\\,\\:IQp\v+\\Yi(ܱCtob\~\.D\Znd;[\\9`E\Amy-,jV\k\yTq\R\\5\=\rk\_yCSwɬI\0\:=C\dy:7$\yKQb\i;Rq\h\\I\)\.ЈA\N\\І=l\[\3U [^<\\>Z[r$G\>S&?x={7\R\e\\pAL\)\`ZɘV\\r\\Âφ4\l\FE];g\0=CV$\\0\"\'e\\\\\n\I\`)&\\3/N9 \\lTJZ\\>(b2D\\"\\\`?[\n}LW$\\Mp\5=~E\N\ǉ\ b\ \$\Y4\\P\\?\vl\\bEԊ4bD\~,pqN߹߹mqⲅm\Z?Tyf\\\\\\\2SʦC\]߷h\~\\9\\BPf\߁\+\]\`\\[!ڻA)\\r1\\*3e]\"\=\f2IG1U>\c\z\\\\	*jC_=\\\;,E@rv\8\\\ \\\"+j/J\^\\\ m/\V\Sh\dZq\S,=C\\^\}O\\\ߑɉ%(5L?=\=)(\eϣ\r\6!\\r\\\DO\&	YP\0a\"\Si,\ݵo\"u*\7\t,G\\9&	Dt䰭\\\B\'\a[$_\m\Gt\'\`h24Sw@	v+\\ф(-:E:\\'	\kPX\\4ѣ\t\\]6\\D4sZ\\E\r\xG~d\.TK\\uuO\\r\Z\P(\Eײ\\Z\\Bj*JJN/R\\PxzC]?o*\\4\JE\Z\ņ#d\Ä\@\9:\r2](T\O\\\n0Prl	<\;Ȥ2\$t\'\\LU\\'\0\/TJW+w\"^lP\?\\u.ټ\\M\ Ia۳{>7}\[\.F\-7l\ \\g\"B\\Zΐ\L\Dw_\\\r\:\'B<^h0?v\\Xw\\2\RY\^L\\9=٢|\#F\\Z\J{\㋰^\欭;Omd\u[Y#	l\\b%\ylrM\ ⛎\&=x$^0rI\"벊6aɤv\\Z>ډ\\ϸ\Z\Za`\Q\mK乢9uHӇ[L{\aiɺm@eLi*.߼\\/䑫cմyݟ\K1G\\,p6rz\f\\\Q8q\\\\XY\(\r3)ٜPʐ(ʇ)A 8}\^+\=L	v\\ND\`\O;O\\\5\n5\FEt\\,\X@k\ڷ]/\r\،t4\\%\7K\н\\vP--Rd+ihP\\R\\P\\\ݱ\-vټ!cC~V]\0\DL\'\îW* 	At\#~!N7s 5B&Ym\t)\`\v,W8\P$2=\\\tg_CH^%JJ\kO\y\pń$\\\\\	z\\W\SZF\	f\l\\u\5W7q%\\\@֒\`\nl_7\ϩRukHy\0\qg>7V@%Sy`:K3/oжr84&\0\@^y	w21\b@+\"\].[6N	E\\+H&\'\\n \s%ʗOy\E#\\׍;\n\|s\VDۯz?Ae8[qÓ\"B!\n\?;`l,-\|\Bk5<ӏX\r\\\\'Sgri_Rc,t-:\6-ԢK\5\8\?yH\"\vcU\iY\BW\	\\8\0~_	\\"#Ux /zi\^Lo9V\tK\W;՘\3\fuKTQ\Z@c6\):<g\u*\n/Lr^A\OperCg\䮪gI+\M=\ukl܊1L\\0ht}dV+bD\aQV)p\߾r\q~lF\?\BzwO֩+\\MQޙ}\K\~\\\wxUs\X\nJc\Ҽ\#\\0\(%\\'v7^\>+~5Kɂ\Z3\adG6\$T\L\\\rkP5\UUHtB\إ[Bg\Om \"L\P< z(\\nA\f?\\\7v\V\%<`\\VS%/\\\f\w%\|L\)>Q#\\0\2R?f=BE\\3\nkZ\7^\\}\2%a\ \rvM\\lv\\60\s94\\.\ȟ(\\\'G\^\\t(])lk\ݫ9զT@\E6\\7v7\+\\x4[=?{sp\*\\\6<0ֆ\4`M\\VO\U70\᭳;#r%\Qn\'eK\\ŦQF\B\;G\1`o\f\#,.J\\e\\r|\3H\05\x\?\\\\Z{j\:̌!}\%\\!M	H=(-Gٗ\^Bdz)\\"0ww_\\ȫ\WRdVndgNǊ.\rjVEd~Cn\\'	\Gb	+	+\m\rW\ܕnE*BeU\~N\6A\\js\\n$Q _\Sk\MmX\>H\Z\\0z{K\xL28W&O]j\|Q.4d\#ܽp/J\|hvQL\\	\"\\C\?WQ\6LPgx\\Z\\\2b\9,bB\nmRvyS?P!\\cI\R<yJ?X\ZT3\wαSk\E0\C\zDH 9\nef:G\\@ H}\\\RrZQ4W`\U\w\Lg\U!@\^\"?-w\\y~!\ngJI\Z#M$GmYO(Gڼ\r,W%\Z\>ɢ\ri-z+[H\m\\0\HH]\6N\Ƚ٩\a\GO%ci}\\Z\.{e\ ɛ%|j\r\IrBaL^ʔ.pn\1\!I\i\\?V\1\Ef\=߀yUb)(f\\9W௑oMc}Xl\uky0r\\\[\Icod\\\O4`F\\A\j\cZ\\.->\8Y@\׼^Dj\P-I)\\'\r:\ηU\{\f\\_\ZmQ\"\X_\ gDt`8;n\\\tOyҢ՞&{h\\m\M\&\\_(cegs\5\\U7\PŬU\\\1p\n(68SLoR}OMl\\n9\{)@Â>5D\!\CR`\n\\׵.0_&8y͉ynv\CPdDe\{\,ss= \Z\\\r:\,\\;\,d<V\\\y\ܵGѻ|B\f흱\fAt\o}\Hd\w\pN4:\N#&\"76\n<=փɢ\\^!5}[\߇}iρB*[G(\\e{\\\>@k\D1\{kH)m\\\Z\\#\\dK59bܥ( u\"kH\\Q\\Zd\\"}۾\\>cL0C\\nTP \\*\T|0H\\g!>\m\zq\\C07\\n\(\9Re\"Ww\\t\ͣ\⽳\"ixͳ?uY\<\W\*b$\\\ѻy1U\I\=\</m\Y*\ا\v\:#}J (\b>\\0\;ف\Z4\[|s	U\hxoƠz{\Z\l8\Kswn}!/X\"\d=\\\2&,/l\jOV\\"cd=Ҁr7`|t؊u\ruZw\^;\9,\\)So\\\axc$ig9vAF\o\_6\\'m\8\\L7\\Z#D\"zl\' \\1\\ft,u&\j\i\\Z,\\U9\\\|j\L\\\-oR0[\\\\0W&8\\rLb]ohQ\ҫ~2\\H+\^\X-i=OP0\U8\:\rϔ{\\\ᵾ	<}\rK8ta\͏\"\U\\\<ɤ\0\Ɠ܌\e\4`\n[j	\g\\y\4XGԞ\b\/\Oak\0mxABAN<,?\	r2\\":	\\cķD\f\o\\\_~\9~;7W)l*\]Sn+~\t	k\u|<lēw\o@#FNs,r,IW\;\uT]^n\d\\\/\"#kzٷ\ZTjGas\h,@\\K\ңyqe\vCR\\\\\0gO\.\\l,\\&\T\\}6rܴ3\k0ۑAVtk\\\apy\*w\Yi8\\\\ӥ\Hti33\\\\2?,	\v!$CZ,1\Bdi]q\Ybv\ӂj~@e*;B.9\\r7H楢\\\\Z!\\\g\0JT)\6#\\\JLOoxjRlm\\\M\r\\\!l\w%@C0V.\U)\qS\OlfiпH\*)\\<BkxYj gX_He\s2\\\efZ\r\\n\H\t]\Lb\nMZ`eInfVr\\\;T\`ݦʢpbKl6\C_ۑPr\]7\\\{\ܑ2v\y\\kN!\J\~Aѧ:\\dGizȗVߌd^@uJb_UğӶ\k{ozްmĎ7o\H5B.\\\ʎ\4}\\ZL\HYK<\#c\V\0Zϲ\\U`ޫ(̿\v\0ۼ^2\\>o\p\t\\\\*#\$0H\3	=H\\Н`j/\9\n!Vs0S}`\\B)<\!\X\?~Vq\ -FD\\NY\FZj\)xCB\\e,\5̟z^\{l\-9\DE\\n4j+w-\q;;\\\'1\Qtc*I	XJ\Zsw	eg~Z\+\ިR\\r׬AIIil	pbOAVI(K\eH1qF\M:4\\)\|\H/\'\V2pwD\M$0\D\'o\\S\\nqC/e\\0Ƅ+\wuCn cr*ԍS\\]\\0`\rw0mP~ؚ\V\.\\9\\0\\\]!8y\sGS\\Q[\}a\%`8\׻!سma:K\;g\m\"\R=h!O\\F\]v+\'O|S>j\S,\\ r⥄n\\3W2by\?!ξ1\\gysh9R\Zۉw\\릿8[BEBTܾ\\\n\~`jroE\MlsǯѻglPH8[2*\rj\\g\\\/\$q\Z{czi\\Zl\Y%^s7\rm6ܓD\\\\\XL@Ҟ\\\\\Td\r/F|ȯ\\%Mn\|:;\r\C1bZ#\Qu\q\W%H3cH֣g\XxtM$b\S2^.(4c\'5HV\\4$\0y҂dUݮQ\3`H\\܃qƅ\FY\<J%\\X\KOBT8PW)HvnmC,f᥿ܷ-^\\87\}.e\E	aIN\\\#[7\\\HG\7ԞmԒm۳\HvK\\`ͅ%	ƣ0n3\\ܥ^\ń\O%N\w\r\05@\\h\ \)[s\{*\\Xo\n!Ն\\C$kD\"j\0@(\R\0K6TtA\\\n\"\Ei\"\/2h)$NX\E\0U=S62ە\\^xВ\uv\YQ\\1&08\yFtqƀG\c\\ҳ|\)\\p\V\T~9S=\\\\n3w³|\{\\- \*8et<\>t\\D\߮*\\8 ӎs\\mm\\H<ނ\h﮶OlKV,\\߃6\kJ\U=F}\|m\\V\za\Y_\Q7^\!\\erS)zVrL\YX#ь~7]l\rY\\\\+Qq\\0\?zPO6{\"\qR|%d+\rM[t|;/;b\\b\Ji\<\eQ\T3(Vi?\n\uT\WC9tF\BX7\"\~=-n:X\"|uUpTInߟ\a\\®R\qv&aɯwD\\VjGn1䧪LR\nI\\n\Z\0X\r\+\0=\0\\z\#zط\S*~*/\OL\ڄm\PX^\$Hљ2}\+S\\\\\t~\\Z3\\ʎ\\an\4e\N\RN\We=Ig*}eم\03\0\F\nFC}\?A\\?\\at<t\!<\LX<R	\^ι#\\'+fi6h\垔%EȐ#ϔ\D\:_Lo1\e\\i\W/ɣ_?;\\"=BMyp&J&T\5yxhGtO\x}P9*\=J\"F\0\M6lT{y\L܄M7\'\eJ)h\\r)rlJ\\ګ\0B\ƪW3@\~G	\2i\/\fևÄ \x0]V^\S\\\$u\sT\;Ǜ\\"HVK\\ރ8^F\\\\A`aDbŀ\\	m\\4\HGYt\FFN*h*Jٸߗ\3Qi|\\\\\h+	\\bIYtJBr\ \zbfPxw>Pp\t\\g^y\7-\x똣Z;k\\\'ĨBbS я\%˯\耖}\qĎz5\\\Z6q\\ng\'\r/&]m\\\\F)N%\Z)gC\\>iGeV\I\7	;eµ\8X\\9\W\(\\nxʾ|k~l\'s-Urǽ^Ҟ%\C\w/\\\6\dH<-rTU\	\A-~|\\"?ζPxN5udvs#yl\npX\j6\{D\na\4u,BYO!O\\\髸oVI^G\}$vۜE\9xXʛY\f.\n6I~&z;0L*3L\+YC/^\33v.,|\'hñAȫC7э|(\\:>\\1xYCߕĻn\]t/\\KJKy\";h:\FK@A\"U]ky\cG.ҽ>ԍ*\\.7z\.Eߛk0$\",Ki E\,xtߕ\\8C:8\g0	\\'ͽA\O,\a\Z\\A\r_~i\# \ͤ_7DeRpJ>KĆYT{]۫6*0<\&z\^W\{\ǒ`\7\- 1Z>M\*\:E\\3.^nF\B\Z+\x\fM\bR\k{o\甤~Fc\$S\0R\7\I \hj\\\UU$Tp\?V`b=\i\lx-\eP}N\0\3M\Z	fl`\Im[-\\\J{Qu2&\&Mss\rÑN\\Nkb\\ d\qzIK(\SȌ)ɱQ8CBz\\'\H9\;B\C4lT9_ڣo \_+*~6/]<\$\\X\dm6	ZOS˅A9\ZZnppiҗNT٩\\`\0X\\˚tgjS\5\'·w$Ex3\֕\:\\1\Fi\\\Jr\\Z\\b~\N\2\BMb?p\-(\ʢV\J]J\n\r\/\D\\nTd#\-`\\\+\\"ScR\\%BQ\\>$\-\;#ĚO\ \sO\-V\\\ӈxoNA8z\K22!9\_R\gB\\\r\2\0DbTR\ٳ\\0>[\%\4SǴە\rœl_\>j$\sV7\	\<a\[dd\nf\\\Җ\q\Sx\=\bu\"bKj (XeN\\O[\\r,\$\ش\\\^+u\\nK\rk\\ <2!\AW*x7\Z\\	Q\M\Ò\T\0WL6\Z;a\˙KYdR:j=h9lŬ4gz鵸	\"˃>j\\!׳4c6G/\U-\n1\&=\~B\qnN\~\\dr\n\Dc	<=\"\m\\GC\s\nΌ\\/\\¢w\\ݟР5ڣ\*z\0Rp\F!\rxA\i\\\US\XiAVc|%\V\\Zv--\\6\0{#\\\e\\Yֽ[\\\\=M\ZQ>P54F\0CiΏ\2<U_#=0|&@LH\3`ǈ\X\,Yc	w\uȎ\=\\0\=\\\nܩ`-Nq?ř\nN?u1Q\3\\y\vu\n?E1]Z\NtӎgR,s\}IeB\!,9\Λ\q4\s}[\\\òG51I\?߂\\+cVX\Ř\\gJ:*ňNf\s\!KfT\R0>wc\.Y#n?\ZbP&w>2c7bOQq\\bK;\'\쀭&ѵt\v*rJ\\n}:<XfBw\\\|tDו=\r+qt\r\6r3ߨ`!smց\\gI@`N͞(\l=l\\\ֹ\'	\5_jBQTH\"мJ\\\!K)_.\#zBӴh\;N\M!A\\J\@P^E-\\-\F\$M\P|4ģ6dImH\9\Ε\5?\\T\n~5oM9J\"\\8\E\=E[S\d*iS#\b%\\Ԍ\0]?!A7cr\\n\"a%W!P\\rC`1˴\f\o\090\ZbZ4\H\\\t3d\a\عR\Q,\:#YX/s\\L\{\41w\ZW\"\mE\\d`~KL68=[fh)*\7%w77p\Y\&\+\ke\'e1\\Z%-\\n\ɴu\~r\*\ҋV-~Nj]_\\Z|ޡ\R\\]\\\SuP\H(Go&@L(\\Md\\\z呴\&;\V\"&ٵ04\7>:\&2tLR[\r\\\:b lNw8\"	\\٧^9\\Ld\\\4Q\:S\\\-BTϽ\_.|E{ӊNwX%h%/zV5~,\\0	NTYLZBmN?p$Mٍ:>\e\\8\*, U-PC\<S\\C\X\Y	N|QuB\Kv\&Qt\'=V۹O=\\HO/t\XJ\\쎙5\'shD\m,<)C>O\z\\+b\ne\nB[X\\\0q88M\A[\1\]\r,\ud%9%\\nT^\0DZ޾L׀+\V\[\[\\~0r\	Y\\\nhP\(\ô[\\\<7}3di(\\"˹vn\)d|\ani%A=nE\"\a2_\ÇKw`ST\meA<Q	^\3cb	\m\0Ko\\I\'tc\?j\\ĎgZ4J\(QCe b:(w.Xq_O\Z.\X]\=fd*\rEI|o]у\D\]cz\\\E=vEA[&y\K\8,[\su\Za)\JI[ ӻ\%{&ixDLqӧ](:3a(Ԇa%b \>\\64xĵ6(\1E\l\nG\\ǧxY\FV펤\\G$k9!14eȐW\m\5\\\N\\\\j\O\dDw3\Ml6aCP5|z]\'g#O)>\ׯqs[Z\	(\A\ofij\, U\ѯruwb`\P\3gnWA\\n\v\t\\`/ݹLdǵ[>\:uVk*mmIPbz\k*;\0-3U2)\]:\\qT򵄆f\O׶\2\\BU Ⲉ\/\b\V\-?|a{\'x6\3\\\z\Vy$=&nitc\r>okXV)jѡV&I]$\z\3\S\Ûw\#̳FxY\k\ZȋZ\6;(\\0B\gjy5q090W+BAԸ+vJ0\MB6\\\\1`o:X\/\(t⪲(H*\Y6\E+\"xi{\KyJ\\\'\Po\>`m\O\\W\\\"ڗ\ih|ӧ9۪R5mS\> \"5WQmDiSһE/1~׍\ZK	\Zщ\\\=WD1z\/\\J\\%f۸}$젗nʤ*lW\,+t\\y\V*\\DQkc\ozU3|dJ^lxc\#\\rv\?\^yy&P_B1\\E\\'h5(jk\Z<\\q\\o\.DS9cѽ2\P\E-DA\\Z6+|>:\ڨ\X,\\=4U\\89Ҹ\U\Y\%\'\\La܎rԐ1\COao۝t\n~P{\nqƗ\euƦ<jAlܣi+Ny;\z\i8\p\\'{mTC[Axݜ3\~Pw}\\\\qp\'Ay&\'2\\o\\*NdA_Ua^_\Hɇ_#a*Ap\H}9e>g!$\:a,\'Ƀ\O)c4t\7vL\l`:&\vtuv*ϴ9\e\A-b}̷Z\\nV\\\\\;аJ\*O}\n\u{PUpr\6	a&^\~j>Z\`GTO\GB:A_\1\\\RKe\0V?U\\0V#,-R\7w\q\\^K<\5|`\5qyR\ڸ\\쫍p9\rF^9J\Z\mق7\OM\3\'%B\@uN\"wk\\W̖\^\rC%\^<7\\Q)^gN\<?\?\<XS.םy\sm)\,*ӒSC\'\\O\\\$*L\"\w*D\k\7v\\0y0\	U`;^)xWj^\\%!\JDZ\'\Q_0f\\\\O8M-\"6N}Ӗ=jL:T^\O\U(\\Z\		\Z+Y|\4mL&\8sYgU䳰gM\J\\ZlJ\mݨ#\\W*߹=cd\"CTj\ݮk\F8ڈV5Avd\\d:\\\\\Ǔ~\_ʽTAU\|\\z\\*Y\[(OLl\H7\y5`Hx\fZD\\\ڪyUf/+\b\0\|$bP\V:\)0Rz/3Qڱ|E \?ɗG\"Ѭ]謕biO\\J`䎚\\_yf]qVǘ\FY\]\3\0hy\\-OE\,9\n8)\_\n\KT|G\	\琇Oi58Q&?\<Y(\\SŠ3	b#a\\̺\z#ʸݵ,K6_#*D\nI>o\[Q\ȏn\x)莂&@f\\yZc|\`\2\\hfL4\Fal\0Ÿ\^\/d!t[\\0O\ʻ\\^	ef{\k\#\\\0\˴;!]\o6~cM\\6X{~\"ȓ/H\+c\!N\\Zw\)X\\~CW\ ,\s9Ui\Ar%%X<g\{\ \\`\\GDJA\\ؒ狞\4}=h\/~\\gjBXCTZ\9{ДjyåŚF\-t3o\k\&\Zb\\\֛5\[\RL=,\\l\7\y?^$zW\~,Pa\6\ަ\Z\,@\ݼ\IG`HezE\?#F]\%&\e<˒\\Ҽ*xOh\0Lٺ\r	\r*\\4\9k	\Wa\C\hk1~\\RP\\'\\X,OӔgG/\?k{9\\1&\\-\ZIZ\$JW(\z~\z-9\r\8\[Sdb{`/ҹ(u\|o\lf}\W\	@Z{]+\"\0O}cӜA.\%/A5l\nJA\sY\\\i!Sg_\\\.\H\+>$<\[B\Ta\)P\ZoG҅Hy+@!bzȺ\*_kb#Q\fj\ƌv\\~$svW\\$?g\T\!)	k\D&\"JU\A#\c}<!\r\z=BU=B!,c1^6LҤKRܜ\Yp\)o\OP\+柹~Cx޼sxK\\r\\]\rWoj׃\/ء\\\&/ҩa\\ES\=,	RTx3\\$cC穋Bځdq\\\\f-P=	?\69Tm\tp\\҄5uq\IM Cv؆13=G^}y We\\ߵ\\tօ\_j\؉bU\X<	m=A&wCQ\*9k\!\ڗ7\\HIU\\g̑ϠFE\6r\\'u}H\',E\V;u됟\]1\\\MqmauHΉ8_EYZ2mϟܥ^?\_~\\b\ny\\@\0if\\\?P[M*i(\'\\m\mw]S@d٩\9L%_G4.?oh;Bk\Z\C؎;A{M\\( oDogG\\L]Ȼy83#s:8Vwfp\3n~3N[~2\ɒx\qw@5&?\\\Ȟ׿ƻwgtٚ1u\N\v\:[!)p\Q\\}6pomme/\"m4\\\"Mp\\\.&e\S{J~8n%V\"V\ry\=\ZKE%.\\\\_b\q;WwG_$W\\\7\eB\d%F0BN\\4OG.\7¶:\\\\В\9a\>~p\n>i..EGG#<\XN\BcQ#p\r^9?%\)\v\0.\y$\Za\K$ù\uK\Z\\0/\\.N\gb\c\m\\H?G1\'\s-_x\:\\8\as\Yݿ\lE%[Mg\\zG\^ht\1\\\n\-VLx\qA\}~Xlo\!:֘\w46Q\P\4Cΐ_=\n%\10*|тxʉAψ3ш8@ku\~D)\ٳ\Ͱ4z\\>\U͸K{\HMRG<їuq,\rQ.E<_d\\o ,P(\\n12\\4\(\Q]\T\Ce\*a٨y재\0d0G\w9DK\\DvGbm1\1i\D^\F\\/\S&-\u.lP\\VF\:y*\nA\r\Ҍ\T\W;\v~q45\\|\\P\[?8yinZF\6ʙYa֩q;	\d~mNpןu<\q@.\fFl\ڈ\[D\ylT[D 蛏\\j\=a4\#\\\ВL$C^F+W㡌\\\G\>2 \N]HeBa<u\ͭ\-&\8\\1;\d\9G\a.]5\	B\QiX\\ڂdVX\\\lW\)\`\wң\UTJ\$x\\F:\m\x$CAj\\{>;ж\}\"|`=W\ǁ,&\\)\Z,Lv)wϹ8\\\B\bm\5\h!\\\qx@N<V\ZyH\v@\N\\\}ZrjS>Y?\\yWȉ\r-A\\\\0|9#ZJǙ{$\\\t-\"teLΒ\Zw}9dں\\e4_Z|Y\\\\Z]6vقF\#\5j\\\0}\|{-f\2iӐu`}\K<ܤܠ}OFZuF\\K\ g\\rz\$Z3\\\n-_#:엾\\\o=W\\\pd/p\_\\\\\Wָ\d{o.U8<\n>4\<$e)z\}\<<OgSٗAa3{Ke \ [\0	Z]\u\~8&\"db\c\R9~v\|)\3Z\'Y\9\t%՟-\TcJ5\0\&jVUkö\\n\/\\n,I\\X=#Q\VfI~J\"xs\*\l=rprYJe\ÛP\3\Nr\c\\p<=x\9Sҥ#\\\}`90\_5=y24:\u\Me7\m\]\E5;m\\\\`\r,\\?.躡&|]C\}B\I\\\s\S7y\\A\"*(v\J\\\fe\\7S\5ʪ\0Npcz\ZB\\\F˫JOzH79^REI,kW\\0i\f,\'ەXa\\\">ڏ\F(	F\]r&,&\\U\'X&ookA]բrR\\$E\V\5z\3(d<\s[䭺k\k\\\塻\\:\roK\oE\@hs7{qMoy+г@\'\\1yZJ\s~\lw`Qg&Eȑ\rҷ)\I\\\'\\dҺ81iD\\{P\%\'\ҙxj3g(\\ӷGwit\'υ͇X+ޚ[\\?[\!\n\e\\/RF~\|\s#\\Iz&y\AO3a}}x(\\N`[\^\\\-\b\\M\"p;Q1§y>oR: \DBtܵ2rens}:{\\i3&[<\Zm\DyI\\Z!D\'Wo3\?!*QLaW\7f\k3\	U\+Lc|\Z7Q[,DѰt\`-lAI1vx\9Rّeѝ\=\<\4\m3\Q3^Gq1[Ft\L%j]!œs\\Q\N\en\\,k\.\.z=sY\7\ΫK\\p\/㖧7i*imj:\n\bd\\\q\\Q;\ޡ\.\>7Ln6\nn-8}ѿ)PΣ65*j\>?2\\\\lA4X+F0aԶ띵elHZ\\rIF%\'m\Wz:J+ږ\\3\\\\ҘMPؔ:a\DXS\!k?歯\\M\\Zǭ\0PႷ@	\{|Fe{E6,5}xc\Z=\\5\\\\6Hߺ+6[˩\\\H\4Q\P5\<Aћ\5\7.\6(\\G\زֆ0ڒ$5}\'\\p\Zۿg+DOT5R\F=R\\@\1`j\\\é4\\C\'lo\\O\L\h{M\Do\\\Rpr\(:c{\\q>\d\d$\"Le@\\D\\K;?\c=+̕;\Ue9h$\iS\xE!Pn%rF\0M\0&J8^y6\iȑŘ%\r\ё\rOH>UV6\g 䀓-G2a\\!3\@?Oe\}\@íEu\\󦱗\}$\ۧ\\(\nJ*\`E\6&\s5\\꧂\\\Zf\\0<\zҳs;VLmI\TH\qmQ\"bwD\\W\ctKКgz]w%\\g8z\5C\\Z}3ӿ;1W2A3g\!)\\Q\9^\\-b~{9@r\Ha-i\*6׀\j\^\"\$sO\\q\4\/\\\\Bu\"\\\Z\\<e3XxI;\[ݲ+!Hɱ,dOO\o\3\[l8Po)XaoOLk\b\J^Rz\9I\ZwF\g8\Ά\'Rv\\\nW$3\\n=\-L\cP	Ȭ\\_	${3k@hT\--\\\\&;|	Sܜ%IC5RTD\\\X\x3\)<\ԍps~\h4\\\dn6\0s1\[\\\8\kI+D@%\_̥	\\\0gNW\\;IqZ=f\J(CqDЗu>8X\$\\\r\*\\hl9gD\\\Gጻc\\#ݙL<{\\MpW\O\\-cvi7C\{\=apQ\He 0\\\HR.\\\h\\i?jz\Kx\%C>$;\7\d(M`\=A\\^_gw\\\U7%\Zn\AǋDG]j\\\\!aҭЏ~9\_#hpwGb\>ϖleԦY\u8K&p\T77\w@\oN5\'1\'ј1a	\я}F\\-WKi\(x\˦,`G1\3$f^\ʋ\Zay|{/F\\(!\Hs~NJHx}Y\\v\Jo5\K_\9(\\CG\Vd*ajwN{ͪL\\\0I\\#7a\\\f; XQ&/Ň\6\M8R>G!/.\\Zl	\\0\&;H#\r\޵>G\U\DujG\H\n\\R\\bb\\0d\%U\13\My8J\"\'=J6-`d1\\]tl63~h)NݨV\İ̹\(\c\0\\ϵPi\Z\F\t9\\:}\\b\nB1B\\\Mp\Qz^>[p,̏\SK\g\D\K|D8\\Zau<}\Fu\$\q5MX,6rVf\fg\n`\\|r\Nk|\'\h\';%\Ρ\%dL*Y\z]nxՆ[j4-\G@wf\P/y\\v}w#\\|\*%gI9\\ng%mX\\hs?JŽW<(\'\#ޤ?ku%U\ZT`H\Y)#s⽢.=I&J[\\ݩ]\ \ZuV+8\8\rhka\y>\\\y{e\0\׀x\\k\*0ԳM\ri!rER\\\\k7Ű+\o\$p\z\'Ezu\X7 \0\4\&*\\\q-4VTP\\\\\+\\:#\\'Rs\nA?$ԱIQ\_{\\ʋ˻r`\\:\3;;\\6\;f	p21Y7T\㲟Eu\\`lkf/\"3\\Hd\S\\n\0\WYSݡö\=\\'N#RN\h<\L\\tv|[\̨\v\_t|Gnh/\\,t}%k.\c[\2\@Ա]vԔ\rV\\in(Mc\bӾ_A^\3姾E\5\~}9\\\\\ʒj\\[p\.LZ\\\n`F1\QO6z\00UJ3(?xz\)8+_߄	\\f@_i`:\r0\< ȕ\<\m_0Sz-r7IVW_!V|9b\"*4z[/\z CR3\ϟb\,(\J\z]T\'v\Zy\P\H`a:\Zy\O\0nHCsStvs~&n\CA7i\'\ZLO6\`{\\\:u\s\padbE\p)\TٷSQΜ{\\A>2\\P ,X\L@#f\ۑFd\b}o\1(t\F?{\f\;Rύ\r\\ǯɶ36\k\\٣\>C@T*us1\L\eHct\r\'\Rhd?=\A\r$\7Ft`J<\\W\\pI[\kmֵ\'*\nKp/Sm\\C2ә\\\nc;Vu\\-hh2^3֡m}N*\nqĿ2\\ƽG[[>nR\/\R72I ATrڋbz\-|\ٍ͆TIR2\\\oN\7J\Bjkם?0\dX\\Q*^\\rM>ZIh8::-,\ZǙ^Z\[\\\Oss个Zh\'.\"u.Y\1:\\ΆP	\3\'zr&FUuNޢ/\1T\$\U&1\6\M\\\\)~uLR\ӤIn8P\\'w\y@G?|l4c\]L\n*\\\A\J\wK\\\'\;\\=.]xDL<Yͺ}0\nTDOV\Ĭ#\*훘\H]U?Ül\w\EI9{e剧?\V\\̋h\UƐO\0xw>4I\rc\k\'	\yvƢ\ܕwC\Z\\5\\q\1\n@\y?_R-\\FX%\0\'퓹\p\x^ӟU6,\\_шǂ\5\9G\1Ĥ\(!\\Zt5\\&DPFU\#lVS\\bp\|R_M	W5?#\pbͅnIBW\:\Mq\r[\\0(\U5h˰skV_\=\D\3SO\\!\*\\\\\/γ	`ۖc!/&yR(B\uE\̨\mX\B{B%4\붦\\\nT\^\AkEoavj\m4h^ыq:aMSyLH+Y*)t\0\\\\d!\\ZL\+.\\mq+\8~RFy@Z\;\4v:V́n$,Q\_F櫽gؤX	ߨnٰ<\ͣ}uW\؎)Mf\\\\ ߲j\d}>w:1i`\\\\8\\yʆa\e}5),F\^\\#af\6\\Z\r\8Xq_\3=;\ܯژ)\r0<5W\PZ\n/(>\\qy51\R\~OBe_\\\n7\r\' .ưs\"~n]Zxv\!\\:.\t\<v\del\0mBOތF\\\rh%X=\0\r\\A,Ũ\y#\\7\'2LF ]\Ie\Z$rh\\F\2S}x\>(Ƒwm+\f\1|p\IwD/o^^\O`Oz\QRr\\"\jRB\W\etˋD[{/]\\m\g!4P\ݮWw\i \\\\v>\n;_\(i\tŵp\\G\o\͐\c*`U\P\c\rJ\\\\Z\\#vݒйU\y.\\\UmW\јϭq(S\\D1\q^Р׊3\\ԆhE1X\:5WC׶b\\r\L)\Z\:M+\^ru\\嘻Cc\i[_h*oՒ\J5ʮq>ΉR\\\VD/\M2r\\r@\Zg(;\=+,ٕ\޻葢H\\p9\r\\\bb\MiF7%`\\)!	6\BZ%t\\S\Ьp\	\y\J$o\rbWT c\d85J?MQ\n\Iڥқe>xPtm\\\y2C\"\k\Ć$\\[\\u\hQlA24\zh\\7mr\\\!\z\\\|:\:ؒ#\$ZP9\F\fe\\T\lvފ\ZV\'b\b]ƒo\-]\.:\f\DVlu=4<I`vn\\M,T\5{xFXKޯw3`>;/߳ί\-!\#yD\Sxp\\c?gs\G?0\\'=}Bz^&#\NF,\zOj\s;4>D\'F\wԛ\\*ύn}\\Q\힂|X\^:DPO.\R\N͖+={!U\'\\r\tŢ#B\\^OI\\X81§)*%A_m\8P{eH=\r\\nLyE	rƆ\>\q6\\\=\AM\P\.|\\'ks\r\\C=k\\\r\,ո\\	\}J3u\9P>ِ{\sJqk\@\,\\X,ϻ\\CQPG\\}U R/\\\`l@\'\"=o\\ZTi17lWRq\.*\8\\\2#\e\r\\JZs\MN\\Oq\\\_!lHX;/m4%,蓦UVfʰi|ըi\\'ˑ/\Lt Y\گ&AϦBFƈ\^b\\l=\{ɱu+3[Ω;Դ\rj\7\4cjW:l~v@`\\'q[\C\ZSO\sjj\f]\voކjV8\|:\\f5^,8L\0}A\'\+Ϣ|U\rdgF\ѼӍ6RsEԙhLJ\p[Kv\\\\؋j[Ҽp?c\\\i6/\\8Sʈ\\Z\\\u\\n\\\\\\*`963BP\`\^\'`TQӁ\Ǟ\\q>\\\Q2\dMP\!fb \\>3`\n4\΢jsm\l\\EL\`]\s`\_\"\\M&VX\ׇ\`\\ \p\.&\jY`\r\\\9	+r\BM80eN\"I\	Og3\W?E\\'vOk\\\TU\-=$n\<47\ń\0	+n\n9|uzRAdb\Md\\\\*\B\S=[<b\QB>ZW\\ tѪsN[3\7o\\\Dw\A\Cކ)6\'س4\\\[\ek\;l)J\\ϓ?\n\rވߣ\\>c\R:)@)A/G\jG{x\07ұ\"L\֚N\!\1I7\$\\S{,6\R(z\\=7\M&\7\.;콽\J\a+4cd_?ގAa(֦\\[I%ݢ\\"}+!d\}rnIcZ\tr	\hj[\3rסn<\gO\8\UK\z	\">}˦\s-V\x0\_\\`\_\\B\\T2}:&\'\36U\'\u\H:\}$H\g\!31)<d#\9@Vx\\Z\\\`^\b]{\\R\r~$\\,U{P7[gվ],rr\z.\\XXbB^Bϱ΋ؐk}E\\e=qRu\nL詁7\\nx1h[3MXpe\6Y((a\~Mѻm`1\!pd\\uWɽ󴘚X1\D+\#\\\3ø\\*\~\\dc\\Qz\=1K\u\`\pڷ\\xfڛ@k3\C\\\\\ʈCw\c  m\3SJ\U\F,\<e\ص:\H\k\\Y\v\\\"\V\\	IZ=(M2dY\rF`i\"I!wɾlD\"HV6v\٣[\##\rc!6~\\ZVW*\\2CAz`ps\(\㥂\0\\d{\\=:{8ND-9ro\\2\[\'!L?(|#`}No\o\0s\;|\;\.IԫˣE3O\@ĝ\\|#\s$Q\e.]\x7\7%n0ӟ3ŉ2@\g﨡Hxv<XW\Ś\\ae=\o\C=\@7\Zȸ<:&~3\\/UV\)<B\n.#H\\.$\h3\\H\xz\VK`\H/@r*]˫کYkd\fJZ*<\m\gK[\n\\#(/{	[\^\\{|R9\\D;.p{M\0^:V[wED\2\/ܭ4\*\\kk-4\]D\Z\ZJ\OW(\Z}\&\\\ah\?h\Z\\%ɨ\\94\	{h\}\\\\\W݁\\A\	\	\r\H;\[j\\\\l᭞pPR?\X|k0W8v<EJC1X}\\ˮb\W\\\}dbmP\\=<\:X\綁O\ZA\od\u\a\qnA!E\\qy\\7\\VQCPAAe\1\?x\83̏&JZdZ^p\\\dq\)\R\n˺$kVZ)~}\\n\?C0{(\	?<\"\A m\\nE9`g\\[\\6ad]\.e}\5榬@7zVhH\D\|$R\h=\h.3\:zs9;\Ze\:ln^TYԿ\\\\n+\U2Q1g/QtX[q\H\5\w\E˪\}\\n\\Vx\\\c}Sb\]\e#V|g\GCjg\Q	\*vd\2c\}\\lG;^b3a\'*nU\~$գ\H\ܲ\>\Z\\0^\\\QM(4HGvH\u3sG=%W\\BbGb>vF=\\'>b\\1wߞr_C\;\r\㍙n\2=\\\\%|\\(OV\Z<Ut\7U<b\\nShԘRF\=\'-\\\Zi\ҙe\eWtj\Z\\\80؁\\7c).d\y~!?\km\@b(ڋy]S\\/\0%\\\7Bl\Z1\'Dbw\Bsu\p\s\5\eŇ%\v:f\\ĝeRqqW\k\|}\\ރ\\\keX\\uZ\իw`HqަVf+ǃ.P!S\a\\7\\P\*T܉s%v\Cހ&Te\\<\h0@\\*ׂ=\nμc}#Db\"\\\E\\왲pu\7ēHiaڿihRݩf\\]S\21\\I.40$R\F\/3!Px&&\Z1\b\qOxPSMi\4\\mF2\+\mj\eKDD /Ą|8\$+~xrP\6\mU<U\{-\\e\NZ{\*gve\j\r=-LW(\*>bCfJ\\G/}\>5bj7SXs\\<\)Ej\n\:\n`y\nz\0͜\\g\\\`Ր@\ָEO\\\\޼\`\Bʠ{Dm\rv:\r4\tuo\^+\5|\_\n̍&X\\OM2\Gz!qySl2\0j\"I\\k\`X+\P@}Ir\{D4qj6n-M<<9ߤ2<\Q=`/\\e90=r29\j\rdUN\xt\vbpl4ˉ\\ZC8\.YTLǠkz\zB5xtu]ʋm\rC\W\\j\'dm\G]J\^\"\rsZQ[\\	\\\/W\S\\\\\S\Jnww\`\CuqȈy:A\z.\\qd4Xb\R\\H\D|b\]S\>,i\pVI2vE}Te\Oi\lΊv.Puc\NBhxE*-\')<&y=55i񽳬F\\M\@u%Dʐ\aC;U\\,SB\݊P\^)\(\}\%\Q%Q\\y=\k\"\G\ZϬ\9\m4\N,\U	\\\\4ˣ\d\Á\\1\  =EHv\\\z䊩̈́Sbg6BxV]R}\\_\`,JW\\t\1Mԉ\Kzw\0\\D\yP\Z.28\r/[\Az\\\jB\K?\\rjV$]\\U\\\\e\nɶ\J93n	zU5&\Zc\/\yIA\=\h6jyQ	\_[\K~ac\0\Z\T9\\k\\%\\q{G۠Aj/\L\\ʈ_G\M\\\r2\r\Q7yƗ}%\\;\ِ\i&\\\Zg\p	+wз˘hm\h\'T4K@\\A\\nFV \D\cu;0\q`H}\\N\".r\#1\K(\3\xsͬ&XPb.\-\#7g*PH\lY\__oWE\;\&*\}>\\lc\]\\Y\\\\zsD\'ބk\:,\e\\2\n\ZH\"\x8<|,\\|\7i\\Z9\;AI\co\4\O\"\'/Sձ\ŬH>0C2\m\\0ոlǰ5A>Qj4\)?\n\"LI\K{\O% |D_ke#=tR|\8VŤJmt5{VTIp `66(I5\mT1\gluh>ia\}ts.\|:\r\S+\B}kVHFμ8B,44~G,圾=I=,\'d3\\*\0S~.5U5h\ǅ\wPWIO\\fgū\SV:ur~NNg\\*ӽtJ[\1\@-3\\\ʂ3֟xt\iS\z2	\Ǖ K+\\"*\h6]U=D\'6J$]Ȼ\&\\K190EgE\\\\˞$\\\n\s5#\\\\Q8j׷\Z@\\\/~rM \s\0#\O\\R h0/\ףebUd\\\\AƗBηtn@.X\87%mŬ\!\IJ{k(fh\OeH\y\,\_\OEG8ҧp+\\hj̷Ηh\:3\Y>殱/GEl*;&Э\0Xw٤W[3\;\\\H\,M(\\\\l:MjNyYخ+\-\r\/W \\	&O	5\=J\\à\\N\0frT9\9\y\úLУif˔\\\pit\Ǖ56?-\'\\g*MK\\$Ja\r%J\0̮y\VmQ\\qq]եM^\\\ \M4\\\tKL\An_l4u\\]Cm\a;|m\L\vb\laPˍHNԋ8\&8kxቨpͦ5^\a0Ue\NJwLFu\0Oe\\b*C\c\Z?lLie+T\v!\+\(\\E7\\U)#X~jpH=\\r;5%\@dY6X8r͔t-\\L\'PR=PCO\SrCER\\ʬŒuB\x\죎\G\\|@ѡ9xG.>\=\̎8$\;mpoK\5d\^J1\6*\\4\<]/R<;:6*X\!%賁\\M,I\r\DK4;/B\\h5\\p\\\<_\|\`3-=\ũ_\;CY뇰~f\\WO &+DndyO\n}TL	ZK2 ix\0\dw1@{^\3qu~,\~\n_}5O\\\8Ip\\Յ2\׽x!zJm?~,e/I_\0qÌ\!M\Z*g\\\\'\\\.{hp@7&J\q1\X\k\\\\x\\,e\Wa}\Q0kYm7Q\[*Џb \h(w\X\n[tN}j\\k[m$?\\\\7!xe	Y;\\^ͩ\G(\\>Y\in،?f\"\d\\\\rc	g-,\\Ñu\"\K)\'	BԀ\\\5M\\4\{\\\\Si\O<Sd\\|F>(Q{\f\\\ͧ\\>9\\Z</һ<^\\\ieJD\r\\XDMQz|}\0VͫxҾ\0FbO\۰}|?O\nu^r!_ʣs\2\{*8p5&֏y\>҇\a(ݼqc\\5\\R\5(x\\iA\=\b\KF<,G\͌\Z\0ɺ\\׬?qkgANS-zk\9fKX\ƗQ\\\\Vj	cl3	\\r`\\\"a\2k\z#^\fk=\lK/FfmYL\R\\ =W\0,WwEԦHh6H4\݀kqnrɰCEP2\\0N\Z\P#28݁\8?z_P6J\\</\շ\𾚖1`AfеU؍FV\^mm\A\\q\{YuZQP-e\ރ\|y̦1M1>ӿ>uqo\\\\'h<vأv\\8u\\"L-TƲ\xH#=&Y\[uG^[9Fa\\zB97\}}cl\\B1ɶ\Z\r\n\r\[\\A2 8`\\\rx\\rR\08.\#5yB\\s^\UO\\\\u]\]Q*F\j\\\\ml:C\\t\reڛT\\\R\#?݃ݵ&D\ZO\?_xz7{f$\\/\E)*[e\¹=ܮ\{d#\A߬}1D\zHzE/M\b\'+k]C\^92m@<]LL-XK㋨1\\'Ӈ\DnNp\0t؃=y7\	\a\N4D,P\\\l\)N\\K@{WCi@\0L]\ Oye.\s2tt\\)ީ\\\wvU(SD2\/wMP p\z\\n2i&YD>.y͕\X{*\n+\/X.@-]f@銋Vx*?t,\6&\':\?\\Uy\@_\\0Q俜p\nR\}g\@\t<\0\k7\r\\uemd|L\"9)g%w3\O{|S\\m*Ю=Ȝ\t#>p\K\r\̃bPcPTf`\&\A\m\$\EF}(T9i1g\\\m\>dI\\Y.o\?\ӗ\\\\\\{F\C\ѥZ\76\Z\\()ِ\\O\7\\Z_Ľv[v.\\*\o̮\8\\I\_\d\jL+\7dKp\.e\+U7 \Eq\\L=\\H&6\"?v\H<P\?86	cZ͈(\\żl/[p\hL\@(n:ʜ\'5\.1\\TLo`R\Q\#\Tf_\\\fL?\c\[\Y\\utF>M\h4_\Ơ\k<\h3@o\\Ȥ=V\\\d~^\\_]\T\\l\0u\\00\:dZ^/1E\\`D/R\e\at\nQ,,\B\G{0\\\\xVh\SJl-\y\j\*Q$QQ{-5\[\\=\'\\B5\_K`	?\ַ/\Z\rRI\'1\'5;$煜@`E9B\n,X3|\\5/NW\9\hP籓cL#\4\?^,ȟ#\w\\FMk\'\\\'	׬P3\\ I\0\0g\yl[\Vg1:$\䊑pr\\!Cנp\s`5)y^\nm\i\\\}D#\Z툂l\Ѣ\ZIPBI0bl\̍$2\\r\J{\"\1\bU\\\k,\LH@*q1f\\q@>Wh\X2\A\ߙ#E;uU1z\.-S\Bᒀ\\Շ\̓\	I܍XDsTh	\Z>uWl&Ȟ\1h\p\J7+;\uECt\̼%<\n\M\(<Ԯ7BB\vwe<k7x\08a\"\8@;e\}\Chnt\\\\\͟\\U?)\\N&V淝\y\Z\0[p/\-Zf=(E}~Ը*\_r\WSR+a|f\Y\)`\+\\x0*\'$\nx\F(Y\n#㚶XG7&\r\b/@.äi8Ąңi+ɟ\L\\åP\\Vs.#̐\ʴi9\0{\rF\dg[tU^Hmج-r>?\\R\5ߥzX\0qe7?KSN\q\my@\x\\f\C%\p\\ioLəA9̋t\d]Ϗ6mL\ZNZ\}Nn||祀\\ǫ-\ЉzYsT\!8+x\e\r2\Ҫw-\:d\v\=Tq\\!Y\\뙡߆\g\\{4V\\7\\FD<w\rR \	\\\P \Xk\\re&\`\bA:=u\SU\X49ň[d\t-7zb1-\9\2sT7q\7\΁z}Dq\\Ҙ䨮\0f)j|ҹnl	0\\c,zbyodbTf,.\u%\\mt\*}ȵC\\\Nk\0Hꮒ\Yq\n+:;60$\v\r\iEVWVDp\KT;\\\V\\1]+_9d{\nį\IuS\\\\\b;Tl<c	!_,n#v\\67Oϸg\\IǪ\\vg_\Ҩ|\\^\ik:\(z\\ˑ\ZTpiV3%\?\\\e\0{*\y9CkPӕf\mMo\\BCI`a	1	7\\\$\c=2]\h\\A\ٗ%Hw\\T^\{)x\̯tԶ_}\\W\n۸°	\X𖍖eqξId/\XJ6{9|/%\7<\ɠb\'IxT.\Iu\;q|!aK3\\TJ*$4ҧ X%\0tŨBstud+\"<E$5L\^=BP@\?\_	KÅk[R\r\[]\E\\\lnL滈9\V\{U*\"G\\>\_\0OyN^\\v<3o§6KeIS\"x\"!\]\.U5vď%\"BZ06\"Q#H2ǔ)U\	\\yM\n3ee)*,x`(s=I\ae\nʔwsA\!M\L\A\\v\ ɼyhh\\\)\\Pѝ\=ꉖdl\+/C)dH\%1#\{\ͶNxpT[ a2!(!2jφ׋/\\Z\\{{\{\Z(0@+,<\"\B8l\\PzD\ZJ,\\\n7j\J}V8^4`>j\\W\M\4ʸ&@3p\LQHmD-@<f\N$WB`o\\\\0h&`\_ǝv\\\r8\rv43\n\PUi@3A-29{\b^?<y2ѹ.\09VT+\"d^*h8Q`\4L#6)\\n{Sƒcs\\Q`\!?cx,ܑ\ uv\ސM0 .,\\Ha\`\lV\R0|U]EEt\bq_\\q\h-\\VA\aC]4\()lԫ\\@D\r\݆܋Uѿ\L)jc+\\\q7\-\\B\\UM hg[\ZDZ\r,\\f]fS<;P_\Zuvď\^\pwS\n0\\'V\rafB0\N\AS\7鎆(Vkk.c9\oB`e(	J\&Q^,7mPӌD󾙋/u\тGM\\\D\ZyO\J8}cЙ\\\yuf3-/KHz\uȅG\"\\N>>\\\-\\\rw@>\\hxiP/3V2閐?;==\*[6.[\x$m\?[=	\'6I^\ 2Ăf%\Թ\\R\\\/\\0;J\V-\\l/W2~Æ(:cDq\u\d\NqWȌ,\"\\"\>\C)/|\&\\)[[\9}V+&oZ6\\-\8#\S%qu!nn5w`2\A07{\\z(xG\bU	Rac`We*	&\\\\OU\ܺ)`S|\6C$ .@fʡH%20͝s>.#[mp~s~G\?m\8۫\L|llRMvf_\\.\H\0h\\@P[wX=\3o\5/F\V2ǻ\l\;\\\T\\MC\"~<S\\ub\ *z)Gtv*(؋Nqޛ	\qX\\0\z3\\1w\0KGgkT(\_\uN\\\\ut|%+\\(ؑBَ#do%(*qqsd$t6\Hh\T\r#U\m3KS\F; pYm^)؎x\\\fO\\8\\"\n\Í\	ؠy\ǋ|N\nS\CG/\;wr_vĢ6f\{/[U\uVF\!\0Mu%Ս\2[\X\\\'>\Zfy \®\=GBŰĦggz\7*x;[|C$`qq،\}\\\"MU\\`&c\r\\\Xm\\\"\a\D\r$ \\Ԛ\0s4\\\-^Jj<?{\\\pK떥W:R\ntl\d/MD(NwFw\\Z|Y^~gi\I\jC\,s\W\-]\\\qdn8V9I}9>\\\CoBqyєfe\rN\9d9k*j:q\4\0\{tOcE\\\=\\\_ʀ^\GN\UJ\*`\\\s+aNY\\؄\\_\H\@Zzm/\;p@I9\\\H\\Ԍŗ-u=I\"B^\&/\n6\\\y\\Vvؠ[l\A۸x\Z!$~\[\Z\\\s\H\7&N̳\r\ \eZc \w#\\Td\\\"Ǟg\\eT\"|\uZט\Z\\\Ƿ[\\0Vş\M}E[\PM]u[AP\}\p\\bf5ԟ_\2Ë\6p/S\9c$?0p\\>و2­!A\"tIs(f\bJQ\\)5I͍49z޳	&lZ\6\\8\\\y\\\\+9\oǎ9\3\\e\`ti\2\'\>\fN\n\R\V̕Bl\)2\$??\\P:\*8\]KM\\X\oL~\qwd\\\\8~B(\2\FKcxb\/ly(XǱZX\Ցtøsaf/\Z>6L n\\(\n%/5,\kE5.Ay<$4q\n6rrJ	Ɗ\ȮL<i߆\d\J\q]-4Brg_¢\ZǊ2P,t\g\9\.wƛ?`v$=_{bQ\\\a2AO\U*]\VC ;\\(ծ܌g١\F	!E\\߱F\Udڈ9E\,1{S)\c;\	d}\\\qj\Z\\\\}ů5s\R\\hL%F)H\վF\r\\^\\O-ڞ\J\\\{2# vM\s\UZ\H\UD@;\CC.^(\0K\H\\\\$+|vA%{qq\\\Z\\r״ry\\ZjQ\=M\\r\\\\O0\\\s\rM6\ܔ/ul\YM\n!`X\\\yPcO=\\CyC@qO\mr+B~x&B\b\c2\\ON5\1\\+qJ˞(w\09\\rt|:.Sȷ	co:\\\n\\[y\VMs0\˫О\1*pr5V	9>R\0G\\\\\"\r03 i.PJ9ve`\nHm;M1\e&Ri-㇀\V}1쌐	\`8K%2#7\@\@M\\\(=\TFs[\\jB\.Ap4\\Ɛ\~$(\r\rv켵\t1\ӳ\(\\GrzpL-#K/..G4]ʹ$\X=ѯ\iAd\!uh\\M[\pn\'kGP1\{\\\)\0!ϣ\aj]\rYV\tX4\UD\\?e\eBCa+eؔ\\\-\0|_̟C\&>\_O\Rj3\Q	;v\*Yr\\pJ\κTކh^b\߸6D4Y\\?\٢\?\{\\r\\ޢyDa\g\Ji-\9c\Uch/Z\~\\t\Ks\0$U\\O\\O\\f\L7/)W\`Wܰt4\Y\|3In\\.<$\WѠ\Is^-Ңw\\5H\,N\ڸAu)0HhI\o]c\B~<	Ve-Bb\Z\	\pwo\(\'S\,0hZ%{2]ϲ\\0/Š\\\"ҕZr5+^}(W8\n^vs\O uiP\"(\s{ǰaŖ\6\YCaTy\:SSQ2\)!fz$\ՉW\\\':RO\W鰿\$+՜^{\Z	L\\\A@8\q/\\P\"m;Y\\#\>\x\\"~fRHiRs\\-\\9\S\\Kˇ\8A7v\EXL/J	=\ޣV\rQ\\~yJۢW\a..\.m\c\!0c\ݕeK=]\KY5\\21F\&\\YIt\Ty6\6\\=#\xF\#C\"gD\M7q\3=gDeLaҟ\/\\TH\,<t\XYepM\wW^%\rkWz\k\0\0ߝ\`\3\FpQ8϶q.G\\\;>y\\0Q<n0.1P\\*]\\To+\_Km\tzΠ.(k\mǴV }\\&\\.yVM\"7\Bt\n\)plGR\nhv/:\EUAnez\L5\0V/B7\\d@\g^=lp\ hg\\U\IԁxQm-[\Z\\\Q\Ӣ\S\\\:r\(~\]U\0\Մgu\t^*uv5E(^2^i=3\I\rr\\ S-aT\\\dx\lx3f|4\Mh\'E\<w\\\\\\&uJ\:\n[wuSbrk\B|\"{ByTtd\\\c\_\egm\0\\/u{\\pY2o᧍a\ZCsy8\\\R\W^k N,{\\\><a\'gޔ\\%#K\ocѪ\}XCd8\4Uf\<\IX\\`\>P0\\\Z\U]wcS\\"\\#3۟\wЕd$B\\'\uڱ[;su\飻_\r[bm[\\Z\(D\\v\|\0haѯ\\5V*@\|SSO&\\o(P\\x	6\\j~\x\`\\ZyL~W\^V\,瞰2d1IUe\\ls\\/	\H#(\ÐE$#x\7p*UMm3-\ñY\GT\\\4<\\O\H,x9\278\8\\\Ļ\"&?9g19x0(\\u4U\r@\eH\,\\i(\\z\\\2lS\i^\d\Zo\n9n_uj\*\9Xq\l)\虏\\<߁\\h)͝[Lk\\\z8\\\.\\\޽\&[<а\!LS\Zc\ċ\\N1\^DzP3\e(\Kl\ \\\\e\3\%C2u\\ı>m`ʱ=pƀS`efu\\5\nӳ*7\ʉ\\sĞp\\0K=6\8;!\R)M-vX&\1(g6oV\\\Q99OZ.t\Z_dm\;DLM\\\\\F\q\t\TN\_\\yv>\di\\{Rwm\Zr1\1\"h6i_2t(\JNK\	l\\t\'\r\\'\D`\\ya\n_7\0(\F\E\~&\l\j̯B\)\ˠ4\Zq9kiXk֛SP3/O3\j\C{ݫ\(.V\\y\X}\\:\̰(ޕIg\b\'9O1\`l<,\N\E\\'w\b\n\\Pp\\'z$22M֧\ӳ@\L\6\uQrv13ܺy})p6.\h\h_߹\N\M(\}LF\C	ӂ\B\`EsEaq{]\X\'\'F|\\!2q\\\K$[n\\JB|VE\0r[w/\,iKL	GS\;\hN\s\N\Ubf\هD#\\'\ܽ7F\3nHE\bm6\\\z{m|\\XV\%]j	(CdYKB@\\]Ʃ)\0PrǧJ\R\v:\k޽Ӄ_\\Ot\A@K|S4\q60=@ci\0\v%\~\rK\'\\)\nf]gT/\?Ys^SВW=\'|`8\"\ZHMlޚe\\'\"V\r\\9\UI\\^zޑM|\n#B}GYtOo\'-gqD~\n\\yNK(\\\\b\ r\3\`̏B<F\J)3\g0n^\N\Fet\0ùw \\'9\r/\\'|ݜ}r?_$B\\۷\UR9\ٳzMu @`p\P\ \9P<,̖X\D\s4V@Z\V\!ތ$\T\,\0\VY\4L\ %\{p)\i\Ԡ\\,y_3}T4\\\-j.E\zUKaF2\\*\r!&m@ʊ\'w2U@.O\x^#)UA/*\\_?\\\\2uB33D)ۢU\[ag*f_n9\݄\Fn&0\\b?B\"0tk*\ns\ٜ\\E]!mj\,ǹ\	x,\'ee8JҏӖ\\nY-A\\ЪN\\n\'x\M)A9-/\\\l\\\i\\0zR{S/\ږg\\7g<<Z\_z\\\N\B!ag\\ll^?K\\(hC\t\w7nB7?2/E\B\m<A\\\'*N\.Ip\Zm.7gGz\D#b\W\0Zq$5`@vN\as5M?n\r\6ͼ\r__\j{\r\|<Qz\CC\S\cb\.Qo!\Rÿn\T\:@I[\'C1G\\'hiQj}z\"\\*Aٕ/$t&3f\'dF6\_\U\"\CbY\nd^4\N\r\2\"+LJޒWBk8<.&\\\\\Ұ&fH&TZtT_\Owr09}\\]\#r~\"\B\~D*N=6\O\'ӓc΍j\\>z\\\WtrZͨ0	\I^\\n\iɼ#߅6\f2\990Fq.wc\\48q \eݭ\l42\J\5=\.\ABPקcDv\Lm5\OM\\\\Q7ɿ{Zp՝\\<v\n:@n\|\J\\\3{ר\✛\\m\(k\\\`	02\\Ze\02\n\_螞w\ÒC&P3ԉbF̿\bEH˺Yk\\-jsg`X& bu\\۔s9܌\\.u3}霴ېe \\\&&\\\׀\=8һd[)yaZ[Xy\ҺI^_J\'=%Az w9p4H\E\FPۺ~\>\͗RXZS|a [\tK#\G]̊<ipl?h-\\M\n٭Ww\\\̀\b <		ħ[HvϠ\5%G+\.\<yNZ\j3e,LW_\\m\rH\]rCI1)SO(\$bk0JneA=\E\"4^X˕ݏ>K|>R6aAG띘=P\\uJ eu&E\0\o\_h5\\\G\Z\%\\\٭\	SlۻN\\r&\W{K	\\\꺌\P؊\ׯ\D@XBC`pC\ψF\\%2u5m\\\"\#\9\j褟\\y$\|v\\\\d01\'\1:N٘\'n\˛5Y{hm\\\a4/\2ؚ-= З`UyPGOuZ	\	\2Õ\$̬\"ڬf\n[\\\ݮ\c\o`!L|\&\O-\-mo+d\\\k\\\0VQ\ \Zĸ\\\Bd.\4l9\Zܐ(\:\ra0ɞ\+!e\W55_\T\̜ƪ1@\r\\u-\V `\W??ٖx\}ro\zW\nWGT\\\RI\\'\^/\᱕V\AcZ\0ՆKdj􎮔\\.\q\\JO\\[Dc\u0\[ut]Vv]\Vsav[\܆}*%\\r6[_\6\m;^[\"f	&s2EJd\0\'M\\/hf\@\h8UM5w	^\4S\\+$f\\\3_\\'4kqȲ  !\cx1Q>|\r\׸\?ؙ\Essm4\(s\\\\?(o\gV@{\d\G/P9\ZJᖜ\\Ȉjb\0ZD\v~4:[(\^\\GJR\"R\\(1\'\w!l!8\M%ŭUͨu\@E\^\0܈ƁX K8\7l9k\Zdwݒ[exgO92.\Q\zZ\)6\O\B\e\0~\~\\\0\	j(\Od䒨et,J![Z\\\{-`ӫXr ,_\"_\K\\\\ꮼ\\2?7>\X\\\cF\aż\j\!o92\\7?\\\n%\EXh\]\;w\\\'`5*°r~Y\\ S\ng*))kiǶK,\\K\HʏdÑ2%\\nxn:\\6I\Žzf\g<.S\\|i\b\=\\$Q;]&.KS+\  fD\\Z\\\BG1hzǱ)w\]\\B\\`\\\6\C%\?w/\\y\\\htS#\rc\FX\)\!Hw \\P5e\\'\sS靷dȧ\8\\SI=\:\]ٮ=vs\G\K,(.%\m\a_\2\8*\|ҪVͭ`vZ;7a̰\{& jѴ\d90&BV)$&Bc@=\`\r$\\0c8\\(%V40&.bONH(\'o\[\3\2\dO.JX\\}P\\`R,}v[~l\1{\`)|2\r]dq(\\,Nкl!\x/\m\"j	s1+F\@\0\rE\\\	F\gr\(\oB$\d?%ey܈q\"<c\=mWը1BƏ@?\(~\n\\\Z~\9k\,<C\	cq\\tGH\\+*8ғ=\\\ZH\7E`Ev:޼K\\Z-e\t/Hdl\\Zש\)|QzFO|\I\\ݵk@4CxKV2P)\\'\;\\8\N\*p\\Y\uz6US<sK	Ｓ\aԕ9r\\\\H2ej\0]3\Z1t\M[8󁁱\0\'AcØM\0\\.\zoY\'\"Z\#|bt\S`߃e,i~2PCOey0R9`z}\Kk\[(T`\S\R(\[\0n9l_;srA:\ȭ@Qp\^9<ݕ\\-\5GVW\FiW\\^(=ω\?tƃoNAhael2\(9iľ*LI4p`K\\}Y\\-XSx\*\rAF\ϙa,\\:+BiBz֏L3@/W۠\*тtx\r\Z	ɲRh^u\A\\/\&\&\p`\e,aq\oG99vًؕ\\\~S\\lS\\t|\ͮf\\\]q:,$\\Z&\8\2n\Yvȶj[끭\ũ):\eU3c\/Ք\;\Wʦt[)\\\PZGx3\q>\RY_f\\\}n$kX~E\ޝKȓ^\v\G}RA嚸E\\I\M\Z\1Hq0\\f$p\g\t!\&I$\9E\\G\w=\\X\\J\\\t&\u~2\n\3D6\\\%\\7Ǐ\ۏD}J\k#rm\ny|o\4k(OkI\\D8u95?\p89(uUnt\\FHi(\G\\g+0\\@=mF\V\\eK֜\Z\\\_H2C~m\{\0*gn\'n}k)	rY\aQL\\w.[B0}`ۤ<)\%\\y\\ux\ng=IJ\F.Gv\Z\paU\\	\D-?h&d롯\\tV@v\\vig\l\$/djhP0`oWC\30 9u\0<Z8o!J\×~E\\q\ԃ7\\n ײԠk\\\\\xi&\\\e\\1~\WF~\\\)D\Q_gs\:`B\Ga\\u\[\\r\\\\3\\"9\Mɺ3\Z0yQ\!sx֋\&\\Mӡ|\޶\\\L\\V\]vf~:tcŗ\e>T\XַѩLu\݃\hE\i\\\Zwo߉\L\\(V\\\\[!؄ΐVs/y~\A\1*<&ja\\ɍ\\jn\buZ=04\f\Z\'c\`eHE`>\"#-\*vWH^|#+\\×yngP\#\5\Ore׍\*c\9\\;r.5UKG\	\ݛ\@}TnW\^Iw\\467D۩C\\3PIW\ZK>\(eZ^[\\w\6pƆ9~ty\'\Pb\*av\կsj\sT\ez6=\N\0K\5SxF*&\'Z\_6ԥ\0PFnJ\\\r~+D\\+s^g!D0\"Zj\^Rs(\H}I\\:ܧ:ֿ\\0\!\\(S\\\~\u\\\Tqeq̀ڇX sY{\\|n\@x-\m\\ń2JXpN\0d\\![:d/o;pC	\r5Haf\\\\\\[[;\1hx3t܀\r$\Z\ڳ<\3#D\\\Ԅ\\?\r1\\\g\\'R\R\\\\0\)\Z	\]\=S7T\>0Sn#h0Jo\'ڄ~\ժm\K\dU\ d\\ac\*+\ݷ\ե\r\\\\}o9˃A\Y/IcbeGã=LNyk\\iݖ@#lFI\\ʍLn\2\ϴs]\NL\6Z%\/Ǹ\.2ߠ[\\\\N\Q\\*nj\6#\\=x(I͵Q\\\\Jy9Cعg\\\p9\?Q=}YG 6\\t\@d$!\\"C\r\Z,j\edNQQ\$n()\\G\Bd\'\YsWPF}\\\ѢjD>lABj;\K̚o\j:=+\\aK\'ǋ\\\MԨ_ބo\0}\M8O\	\})~\<F\G\o+ؒJ\ lū0rV>\\)X\i1(x\2Qm\]\"ނ{\)%{e\zGhCQB\Nz\O\ZR4I\\u>6\5\n|_f\Z7xY\lF\'ؚ@C\U\"\0\Z\\R74A4edT\ZZ+\\n,CrcY}q\\ϬByA;3>\0L柁\\Ȳ(d\UBŋ2>D2H\<%\ԉ7D5!$5:Pt\~옳d.K\`k\RTL8bLcd8#\m\LS;r>{<\\\]\ZߑQ\O|\\\0\_XlRUS)\R\\ie8C1\\\\\A3\\pwG\;.7SJ\nLOs\Z\1of{`Vٶ\\D@F(W\r\K\W\nB긒4lL1`%8U6Kl\N\zݔ%e;\T%$$K\U\6\R@jĪ3z2\CüS\\\\E\\d\J\٭\H%\\u)㚱\\9$r\raE\\n\\\Y\\z\{?\\_[+)dg-:w\\n*ڿ\\tʁ\rkW\rphw\\a[da(\\(W\3\}ьz+\n:9\\&rl\m1˂8\\\'!RUS\&@l]\)ɁV\\\a.V*S\t\\0Bڒx\Na\u\\yl\ZõD:[n\Nn\2=!܇7Ϙ\O(\\vR\\\5M0Mӳa\\\O\`\0]S_NHf_\\Mp\Z\nx\'\\\"7\\<\+\BMr\\nOnh\\\s\"\l\PF\_F\EPB:.jbobi\']\sd[bpצyK}\\\\r>\0G\\buO\C|\\uЍ\w#o :ҥ\$lP쮄g˭Z\\6\\\n{ͽ\Pۼm\\\@^W\gr\ب|Sze!+_y0\"!)\_4\(Ať4\Ne㗑5d8\\WU	aPNq\,C\u \d\\T\w	\\oa^\/#\\w2\nTk\`\_M\0KCy\\o\\sMa\F\9zGµlm\C{\\gaHhpo\\ruc{\<dݒC\\E\5[\\\v.@Svq\<\q\r0:::5jA!\\\I\0E\"g\,t@\,\\MMڧ\^\8uѫ;]%,\\4\J\A8G\K\/0\\I\+eD^B9U\@-k=XC n\\\oKU\\\\˅L\z\?F号`rC\db\0\o\Pe:Y\Nv\\qaulAj+ʹ\\%{ \\]\\\+\\\\Mr:\0Tch\L5\3M<Hg&yʽʓ\0\h7\{3˰\%tN`\\M\Ղsp1G>|-*\k\\`9axґ@L?:zx\ZC~XNwJ\n\?3QE;\&_U|\mU߄\\_qd,]WJ߆~\\l[+r \'\\t\8h!x\(+57s\\r}Rņ}?vEć\\f*\ZP\\\\)QOJh\ˤ{\R,Woj]\\\\\\ F(\Z)$ε?2\FT	VHL+\\\5\-MN݁#\\&6\8\۹u\\.\(2)3^חf6m\2YqE~dFv	.\am*\qM\XXǪ@\\AV94\\0~Y}\\0\wtzl\x{pEȈ+4c4Wd9oT\0iR\A\$\0E\\\ $\\\D_>\0x[gӃD9e\=[stܞQk#!J2\5\neG\E\0blp}d=\<|b\0\qmqK:\Ȁة\7\\\D\!\ンxF\ח\]\!Ug)R&\\0j\sejQ|({hr\n3X;߼\\\\r*qg\g\\pL;&G\*\`o\\8\1o\\UZݎ6\\Żvd4\*\p>[/\9\m@ἓB\\g[\'n];+\h\VKl\n;RqS\\IN\\\Y.\^\|j\OWUߡCUK\\|s(esU9,+߀u+\nfYIɋN\/\B~ ~<X%G\"sE\/8CPe<*BI6^P\Vu\\\\\'+b<PTŋIڶt3m\!\]8\o1\\4\쒫\`f\ò*9\\JB[\'ᐸ;O.T\O~ex\C䀗,\n\\kJy\\\z\0\k\F\&f\\",3)\\p\'a)pJ\>JD\iQ\}\ȕ}\<\E?Į\/]3-!6%\2&8ċ\\M\\.\Z\R̦W}\kw\bE!+.\Ǎ4A\<e)\Z\H\PCA=Ŧdh\,P`<\rz\R`U>T\?\>M[m ZKv$7+d<(\'<\0*@=\Eó\]hF \\1VŘ0\77xJ)\\\'4\n1\1\N\\/wJOȣ\'+0bT*E<,\0j61D.2ϲ5Y\#\\m\Z2\{s|	\ZGF[\#$	\\pl۠5`j\g	!&[.o\'j\@뺔#߇\̕3K\]A\T\\L5\r]+|\D\rSgC\<\m\S\r\8\\F}59\Dn\\5\K/ SՔ1Ǝ*Hڥ\\NEi8ױ82\E\XA\\ּ]~ED\\\\Y&\*\Y\Bmc=\0V\\pd\\rk\2iv%}\'x=#Bx\Z\D~$#g\aD\F\\'\=8\\\\r\KEsC\\Z\0\\Ψ/cc\\.E6a`\7\\\0\'p|\$\n\\\\0`\'Η\~\\W>2}\6g	\9JL2\\5li)\ntfYL\\*K\\٫y9\&\O=\\r]@ekǜ\(o\Ysq!e\X/\!*Y;i\ib\\@\)\\W\_R\\΃\'ū=/\oa[\헽\@F|1\g\\)o\C\0:86?߱jg+\n\ɂg\^\1!G\dba=g?:$ʣuZbt[\c*\K2&*\TE\p\e{N\\y\/CYHpx]n\\S[\Cs\۶!eb빵r4ؤ\{-v\pPؖ\:\hGϯWCh,v̃}laoZŏl:;Y\^!Kp\\\Zj%\\w\\\7\\ƧNxFܨ\ni<\5&xP+\^\ʲwێ\g$e6.\r\r\0͠6\Z.RC\m\\\\Kavwm\1d\r,_\'hأ]`_3qS\\T[r\n\veiC\'@m\"8$l1Ls\qHT0_nZ\\x\Bo\;\\\~ܚT\\TՌ7\-\UNCǸ\\,V\0*I6FR$\J-t\0I\<4P}\\\]\\\r6\`\\\I̦c%c\"r\\\\\v>@%|\\N\ք52\||\f3\\ZZbi\\\.hL\.\ϼq,,A\ZŁ\\#ԫH1+qhL\n\0\p9B\Y3E5C`kwn5,ߵ\*\\"dc0\\"\ lxov[0\>Y8C0\|>\rRd:M\\γ\O9mQ\]W\ċznԳ\8y]ϳMjdĽm\,8\>>ng*^mPj9\h\Juq\6\\\Ǭ\k\{K*\0\\R\r~G\#ڣ\** Vy\Ы5\D!#kQ9\#=sRVǶtq^_\#\+\ir]\]D^[\#9VBn.\A\\\\\Nr\ro%m\\KƵd;d\=\%D0_L\\lBqUJ\bTIB]z\\k\ϥo!Z%6@3\MX\ٸJ$\ג\\œH	\\9\ؔ5qƯZ,\"\A~ؽ\rW\"\E0dԦ\^@x/]dwlWR8`\!7\\H\v%*,\|Z6*1kOZ\rcl\&\"]mgY\\f\n\"2T=y\1Wkzة)0\Wඞo\412t\DV5x^pzsҬ5\\r#\l\NB/r>T$k5\Xꊉ\Cu\\GL؎\\Au&\cUj;@\\jԱU\0\p\\l\!1׆\%G\8\\0\Sinw\rKO\M\\\S9\\#Xd\m\D\_߲3H\\\\n9O+\׌+FK\'<3`A0Az\\\XsHJW\2? \;}cG\zk7!5\TzM9\r\\_\n*\nxWʓ\CIs&\-3\ljHE*&e3\\\즯oZ\\T(Xм\08p6ިp\\'Vv\"e	\,\3\\"Q$\}ǃ*.\.\Sk4)\\Nz\\r%1W\uJ\v\7FN\ϮV.yTq\M<j1T\\9P\r\5>}\KjǸ[\"\\\9j#jwz\Rei2\]\B^\5aDۥߌȹ>bҝU]|\\pQ\Ь\?Ѡ\MH\Z+/\mnҮHu\I_:(\M\@/;iվHZ_b\\:tq\>^)B\D/\\\IDB۱7H-\"a\r;X7:Ѭ\J\nHw&wq\\\\#D\\H\\U\l[\\2%n0\G\\nLpī\0\\#(Hѹ\\\#O\\2\iQ-]9lF\\D;zJUeMX6_&Lht\6׻I\n>cxq}|dBLB\n\+]KfF\HF8\\6v?לi\v\'\Ȏɦ\r8p`b\\@ܠop\*RèJ\wĘ\r\zE]g|H\\00TC\r\DxTLM4u_2\\|\F\&\\o\u>\Жh[\s\H\c\HJ\b[*;\ZY,\.\M\\Z!-ʇ\)\ΫǦ.\&\;\=\T\4v\6+=\oS.+S	\\\JMB7e[xa\7!u\"\K Ncg \\.jn(c\]\5m.\|8P\'\~b×}Hr\\m٩\bI\Y\bPLdE89\Ku{GgR\f>Gƽ*\\PP\z$`\Xhi\\\\\\d	,UV\ҵRFR6vFGݺT\\ eH\\AZ\">{]^1h^\Z9G\0CN@\T5YV0\aTo\Z\~\zT\IkIƣD%g\W8|֬mO[g\g\\pR}8\\\'+vob$]G4?Lzz\\óG=j\\K\p\Z@?D\r!R9̲s;\L.h:a[G\U$\\}\q?e\\4I\4\Ձ\ۿo\2Dy3xvv\\F\\ +\F!MI\\Fw,O\<\n6\1,\Zb7[Q*9W֖\`DK4amj([>Nk׬T\ \\=🚢\oĖZtmZZ\A(ԘJ\{\\CS;\loK\i\EB\\<$\ \O&xBg\Y.yUX\ح\4\n\\ӓX\X\\\\\*4pd+\a\K+\\,Q=\FB`\\ϛ\\U\\\\r>ۂY\}1?y\\LvØ\?G5͉}\Z))C\\~k\z\\ȸ.\;\\X[;FBn\.H\EYJd`.\V2B<6	ҝ낅%<1giB\0\GӇlx\X;0\\Ăa|\"\\sg\n<\4.\\"-zp\\.Dg.e`w\ܳ mXB,OS(I;>s&\\\\\0׫Y	Pb&o\wx	g\q83vE6`]ހ|Ry6\+\۵8=2,\U\1E#\z\V?\|Ec\$-筓yk\~\kwuӍoէJTo;;݂\0I^7H)Di;<pfGugY\rg\S\Nή4-Du<7n=D߄MQO@\\])G\\\A#}._\tB&\x\:C\\\4u(Cq3\n8X&MS\}\[\I\0(x%ʨbtHh\\\R(2P<b=Տ2ֻ\\r\TTscc\E^(IrRFT\9\@m\Q\2\VeK p\>\Onڑ\g\U\^k!\Z\| \F\\>\0ɵ\'ꦆ\ͺkN\\6/qНl2\\Ʀ\{\0p[ $584u!U\=\]!#\CJLp]\\\\Q\´}=p]lf)\%\w\\5dǛP_fd\Ӽ&dӗ3c\l?Dnb4\\;\瘭\.f/\N\G\\\*ܣ\7\\7k\q\kIhPWqJoE\ۅ\J\\0`;t(\V\\\e:g/U\~\\N\'N\\QpMgI\i\+tş	roIhr\H^\\rg\T\N]gzs~*\ \K\\HK\\\r?̀@\L&\ڀ\8G2/#`X9TZǳC9\@ls	Q\-}\\Ɣ\\mH{u#\09\\ZX\Jy\\EӠ=\\\Kr\kPڢ9	Ja\n;\Dm7\;\Z\(Nd.\q\\+Euh6ǀpZ\-V&Ø+\^\\m\f*IE˫zmT\c\\Z\\Z\"۟\\mi+\Z<\n*\W2US@T\\\rVL_\\3ȃ\4Dȕ\\Ys\\%x8l޽a\F~å˿\Sg5~4\\h\Sք\\GԈBAք/@\Z8\æTI\\f\\IôOtD\N%f\v{|XC(ݠJ}*i\[p\0\\b\$D\Z\".s(\\PUw% ǥ??0ErX*\G\悡\7S[\\ݧ\,1C\0\m6\hw;\Z܂\)*!\\\:,7\\ZlقJR=\^-R\^]\"\ɱo\%ح\O\c\=?\Dr\0e#&4Q\o(b\,:Lї͂눫:5@j!4\xr\\yw6ܯ?p{>7\7k\]\'/z[\E$\|t\E[0\=\2PPWޱe\Ĕ#<F`\\Y\|b\\$L\\\j\\"\m\\O\\\\Z\ĮXY:1\ٚޥ\oDģo\Ր0\\.?BV^}ל.2]_&j\;\\\_\\(Й\Q\"$\=9Hou\\J5_7x)a}HҗVB\\	\\ƜW}\ۄ\H+H:,h3P\\szD&\B\Iz,\/.i!2\\WlA˾=,G\>A\rNU\:t\lQuBZc[6\wI\5q\䠡[\;L`z\\\l+f\"\\\FvҐ_oXE|r(iIC\vr\D2鉞\ZYLU;D&\0]\0c~-\TR~t\\\g\ZRZD}+!P@+\\4-s\5Ԑ\\\39<ו.#/UgNh\7\Tjb\aQ\\nQt\cu\\\\0y6\]4КTM\*sYQa^ѢLR!;\I7\6~=S،$!]Ɛ*\0*c\\\Z7wyڦb\ZP\ݽ`\&}b\\\ %\\*f_R~[\"yQ\I\\DEO\5\3\rچFY\Z3)A+\_\x\0W\\-8\b|z\޵˴j/A\se ܵם!\	2q\0,\'=\WUzvs5wfP\l;TWP\\k\\&+NDcX*Z];\\\\.UdOc\"NZ\n\0ȵ?G\\Ks\{Zi뮒RG\.GR\0\\rd֏\+\ViFtL\'f<v`>\n`1\$_ޭ3\IEޥ&c\\\߀*G{xjL@D\e庬\`ӂ/\"EHqj\K\g\3\̼m\0\Z\\\PU=gI\`X\';٣cgYmuAE)\ʖ{H:$|AQ8&nƲRڃ\V\֤2?btޒ\$(Q\DS└,;9>\W\(j\<\\څVFh\/s\.ۜ\\\\\=\lv\ފ\\'h\V\˓z`qb|ƭ@\?^\e\0\Z3\a7\Q \#0W`\s^Mu\h\8h-\nmh\d\\Tu\	n\yρM,\-~\\̪wa0\\M\'~]Yذ5$S&\<|ňU\0AN1\Z̛nOo\\:c\n\\'t\m\nڸ\}?	񽀎\_&<\m\j\\\x\+Ql1ƙ9;f{\\nQrx	x*\J\EY7.ˋȊ`\\Z\"\:\Jc@\\[;m\\r\\'ؗ\)A@cs`\gW\NԏZ1Bjs̶=G\M\\}jm\w:#\ \\ͷ\\\xn\M^D=\ܽQ\\ǅ|R\'{A\\CD\'HERYB^\*eI﹏\h\ԧ\aܯ[_<* (\Q[\%\J:2o\e\\aO\\ZDHK{̚\5\qa_\G(>Yw.\ Ŵ\]VҀY\\Z.0Fq\r\a\W8\\\\t\(\u:b#j\Z\|s\XjӋrh\S%>UFnDmqiO|\\i|(pDe^？\\pȔ)0ɐ}\0_C.ڿQ\\0	K3m/\ٳ>C\81\n#݊Brn𔷒\N\K;ES|\<#CPX9\!PT\ӗw\\\\\/\\e(doўB#\\~\\5uY/Dy\\ZL6ܓDdٰ\Z6~Nx\N\\꯻>M*zնG\9\N/8\)5\T0\h0H쀕ئ3\񯠄d+(/\x&\Z6>ERZ)\'pU8\,nUYFNdv\*bʒG1QbL\2\\%v(\Rɬü\\\{\\\YC|\\Y۬;kׂ\+OU\r1\\>\ك>-YIV4%~1qma} p\ dӵ8\\\\`Ã+*E# Ee\Gr,xv?\JQ+\/8p}+}˾zKU}d}DǼ8\\\\h~\\\b]6\0RV\]4s\{*Cb?	\oC\]X\*\A)\'bF\ge0;$hxcK#@js\iJ<\ZUkD\|E\0\0*w8\(WvR\Ae\ou⑔z\yI\\ZK×\, A.\\em^P\hqeA\'*^SD@OG\3|uׄ]џ\r2\/s[hӹ6ɮ\]~\\:w\G\\\r\o#\e\m%(Ev,52\!*#\0\]s\乩vi{L/@n 4\T\"\NM#4%\\[)4\^e\#?2\uy\+4\+cPwK\)Q\\\ne<\\C	\O\0Og\\B3}_轃baC\\AkàGH\\\K\\_\K͇칾|\l\\7x1E\L#hXri\M*27\\2Јu3\uY=v\KJK%V;\=Vs #9d<eNES_M@a\as\"Q\U\^Dz]|W\$\\\~\eDo4>%vRqD\\1\\i_#\'UEuOC\\#\-!*{\\\$Ez@q\X7qI2?Gy\\\R6<QLNd\\O.\oC\0B\`\0@Za첮\\l^}\xcZ\w\p9(kDfG\\\W:O[.Nͯ:Δ\\@\Lq\)\\H\i\\\"Xv\]u\<]B\li~&e:6\vb	{|Аv\rkA\'P\ \h>s7zA.%\`W\ZW1bj\:\`\r%T\\\Z\"\UR\JaIx9\\\_Z\6x\\HڟRv]$\b\\MM\\\\\9Dߔ\\\T]U\)SPL\1܂tsyݑX]\|`-6EgC3\\_\\\@9׌&\\mn\\\*{\팃&J\\梛1$En17nלrX\_^#A}\\n \71\+\Z\awvH`&Y1P\/F\rԞ:*{;;q[Z\	5N\[ղlZg{t#\}\\\rP^9n7$xug#.\&\5tB\]~\?h¯d}e\\X?X\$\Z`r\7`$Awӥ{\]ĳ\j1\].:SV(C9𡾟%x)0 L\%=i#]\\\~%_#\\mO\ZpN(_o\Cx|K2\'\\)ҟ\\0f[U#>\Z0W\?X\\\Z\:o閣\lO|\\F\b\a\\\0\r`T\0\`f \\r\\\zґ_d\\e\]ly\Zݺ]\@\I	׻}r\(<m0X\HjSS(I|\%tx\3b\x\d\dVМ\]\2H\mN\1\\9n\\rh;117\\\Z\_k|:|)8@a0rn\\[k+5Um\X/\\üz\˲@K>\7D}Y\\\]7\烉jpm\\R\uү\ۈS\@-G\c\\P`\0AՄ\uø5P\={B\\Xw@\V\n<\КziPFn(\\3\<^\sY\ynbȺZ=\y\hWSp5\\;/\n҆7[\ModKg<\'-\jPV誖hƔWmW[=Q?\phE\\ўw\-mz\L1?XQQ\9{pI\gK\A(з@ƊXd\ 4\zS%\\}o\7c}7\"9}x\'\!9ƚA\X^;}Q${~[!Ɩ\\\1\\d#\=a]lHDƻp1>W?\\l\Gpb(;\yyb$1VgF@YN8	8:\4P-\9r=\<\0z-(/Ǔ\JvC)X\x/Y\\014+6#\GnÌS\2\\\\0\0x9D\\v{@*\'YH\)\b\n5Ia&u\NNT\"ӭ^>\hyU-i1ń\\\x\\\\'`\<\i\G<t,8\rôwdBrg\g~v\!*Zj?-\vjûvoS\vG\"&	\rtλ\\\\F)O:b7oe\rP\BB\B\'#\鏴i;.6\$w!&x)f\f\Q;,-ߚ*\\\\Z\\0*\t\qZn|ޥ5\ܗ\*\(ک\gs<WE-˻\\nHZ\~\Km\\S\\&\E\AR\\0\6d@V47]\\\OY\r%\=j}\k_{+=|efߦ\\A%\\\r\\\\9)膾+bφx\\\r\\c?\rgV=vA\\ǁa\\b\\\5r\M{/\c{rj\O#l\\\\\\(><E\@f\TL/+\l \YIlx\\ѻT<\!EU\'voN#\H\~+\m3{\"!w9l\k{E8&\Em<n܂GT[\'\\nŋ\īG-\z~Lf\G9Pϲr\>d\\\\>\\\촸C\'\n< nfw\\V]~W\\X\T\5\"|ErN\G\r8|%+\nv\M)θ<1x\X(Ӯ\$\5\\Zy{\	\\\řd9oW\\R[?\\r\gN\=:\\TEf@C\#e!F\\\]eK\$\Xj<\\	\tQX\UcM_t\Z.S1:\\\~X6\S2UwY>Ͼ}֜Hi\e\\0\I\0ҾxUi\\%\"`i\|O\I$Azx|e\#0R\iZ7`L\'\'κ82%IT\Eq1\\x\[\`v=!YLh9\\G/j\\=ʘS\f\\nr\M{iEͥЫ\-1\l6fKέ<\\m\ՃF\d,H\xka+(i?$\\dqM\o\)\I~IQ\O\\{+\'=)~\_8w̤6`^. \@Iin/4\\\\\@%}Od\(ͭ45|\rx\n\0vk\X)W^G\\?\s[ZMJh!S\I \yN]\\'\uVn \0:\knڡHo0\\DJj\";\\\^8\Z45(t0\\X1lUa#ȑnRҚ\\\IY\G?\\My\K;\m])452\}\ed\7\YJp\\\0c\\Z䝨=!\0>/s_uƽj\mM\r[\p \#-\˼TUy\\!\ppm\S\Z\lN)\m.R\06\k\nguȀ{\薿͕[\\;\\w\PI8\J\[\7Tp\mx\;#\060\{8iӀ@@\\\P\Y:2\\ǨO\n\̃ Ѕ?I\ڪX<\TY\ItCX\\\yUzDr}|؃Ejġ\\\'Ǧ\\\dfeb\<8k_@\tk>\ѥS^$:w\Tj;ش\\Q>\8\\).~\\fo\A\\Qc\ƣȦ\$Z(.9U\"\\4\O\*=F{6=\r\"I\7ZL<L@q(\ޣMK$ⷽxq\\e\\M\_\nmR:\\!*\{?q\s=N\芣ǳ%_\0\a\ZnX\v\\?u\ \Qmd=(#\"H\#\\r~τ\oWm~z\B\zŹ7\0\ҩ,\\\\8g2V/1\k\\*}\w\\Xc2yF\\nδ2/T,fMQC\\\;`\<p(K3\\Lɋ\$zxt\=	Ol\U\nח4{Uѱj݊\,|<\\\Z\Z\mw;r\\ڕ=%&~\9;33\C\Y\'3O=\מ.\Ccr&PZz\B	2\\\mq7\nf\@u_kMa-=>\kOp\=-\6\RgM̠Te.\T\XGnkW)ذ\<ܗ,m\\c\:qH\g\\MEJ\1n\ZI	FџC\\Z?\7\\r\\W<F\v\)\F/_616 uMًz\S4\\Z\\\ok\\{80nwG\=@m+*Dk\5B;3pm\\\Kz\0b9\Ĝi\Rngz\ۜx\\W\	?\"@117CT\\P޻t2/\\եDl,E!(n\/#lM\\W \\nxK;S\faX\uT!/%\N\n5ҁEqmO[r#45ҋ\\nѣ\u\\{\,\\N˼<\\9\x\]jV\\\Z\0\*P2b!Y\\\Q͒\M4.\\Z\h>\ɩhz\˭ɷa`xTD\?W&:*N\@r\\|w\\stjqyH9q\]\Hy\Kuʂ\\HMa\6\e[A\]\g\\7YZ\\\:+\\ل\f\Z\%\$\\Pv\\W=[ąR_k(Wq73\'+Ă\"\\;f9\r_\~sA@P/\L6\x6\i҂L_ampz\O\9\\\X0XF\pL=-h\0\gI=l\0d:\Ll.\\\\oPS\iW\}}Y\\\?TG^\\q\.{VB:;u\t<|\\Q\^/\%N\ZXU\Ew\(\\GE  sJ\{k\\k1\r\gLӹmC\ܘ\N=\>&T\2\\!@\HޔǨajX\).[囁4\jT8\\'\0\^d*iū֢$8NpQ=Hy\n~\KLF7\0\Zm¤l5\{\Y<\˭$\MjU{\nø)p\\V]X:\\\\>I;\逅\_\X8pm=KBu@HaM\t\JWSAo7e(Ǉ7\0\G\\\ZxZ\բ72ƲD?\-TXE<!{	oM/\_kv~\\ѹ-\Bz̙zP\t\rz%t2ߍ[Q\-X*>7(=\\\\r1ԴON$e^\'o\\\r\D\*\\\a!\\R\Z\\J3]cm\'	5*w\\@Q\'n\0Dܸh⧃\2\]\q9AIU^\[\\9є(!\\gDҝԤ\rS[3\)\@7#&[\	\h5tZ3^\\0SwR,\'\$\I	4=ezH\\\Jin\T\\0\ Č_\Z:Ƌr]\\>\Y\h<._QK\0\41\\q\'\]MŋSk*\J2M\y*YGQ\wg%gmB~u]t9Yug2vv;\ܷe\z,\!p5y\\3ևNncJ\\\.W\\U|	Y\0\2LxnRm\e\Jvc2iSZta\_z<\\Ɲ\Z\{%2Ot\h\aPZ\\Upl=Ǫ͌)+?\\\_ߎ|E@~t/F\\ۻg\\'[iedc/\\,\\V6l@i2!\ޜi\wG%*9T.(\"m[.;~:\\\\{\	\Ռ\i|᎒o.`=&\ZJ\Ll,t?`\\E)gɳ!\j/Ƒ{	Vx*+#!CH5H,\/fTMR\\	=;C\Od	0\ń!ыߛ\\7\_{IMO\:ǚT\m\'Q-\FR^t[cYD\'*1pLo\\`٘Av+ZB\I}K\c?xN\id~+\Hʶ\\dM@g\<<\@R3mpvDʯ.mu\>qj\\\4\\z\rpAseio\"0MTZ8\.\'K\\<\\\,Hh^Ý\RptCkP4.V\\'>;>a\f\\\Ic\٥\\,\\\1t\|b`Wgsy¬Ⱦ6Vf4m\\ZN\\\'Dj\d|?5|I\\wa\0`\4\]jgB5p@\\R\\0]\bIax\jb m=\0r\\֞x\\0\\=W+\c\c\iq\ɹ\r\(9ni\\>l~\'\\\+\\O z3dpNA*X$޸L)\"s\&ގ(tkf\\\&9\\rČ?\\*\\DUN\6E]\`ҔQxH?LӶ;\JCķxj\rw1TT[Ik\Ǥ\Z\O\..\ȃޮBPfEϬ)<}pH\?%\\IZM\@8ЁLԉ\V \0VcN\\\\ex`9	\n\rW9?=@ wԮ\\0͊\\ij+@4tr.m\\Dd~ҶD\\B=\Ӏ-nj\3\%r\oѹMyI`\#:w\K@on$T\^\0X0#\nKD\_w%\0\c\ėclą\`hH\\\b\Lq\w;߂0sy\\\	j#Pө77^b_8$\QAK\;v```\CL\f\|[`0$2\n\\:uܞVkl\\ci΍~<\ڴN\\"aa\p}b\"\\A=p؈Q7levM\\\/b\Ll$Ns\"\$\Z똁ѾI:\&$xϾ`*bK5\L\t\\^Oa\L\\"(\l=P\ډo\+Ԙ\`.Y~\\\ϰN\:\k\5)$\n\Φ\_WPEˋ龣a\хEmя\V@*XHoiUg[\Z~\)Ƽ۰@{!\~0W)\D~9tp<kZp^(O	j\.!\",Y\\Yja:>G`@3$P*\A\\\6\ц\\g\\=Riq\=D\ZFŇڟH%J[rOQؘB\0WwkNpƧqC\i\\0wD\'\6h;辨ZE\x\\8J\\	;ώ>\"O{-	\\\\Ƭ>\#\ppW\zc$\;AJK\Z|U\n%e\\7נXO,\S\?%\\\\=\	\0\'\%4s\M鞅\	X8b<AYjQ\+\"=\Z:\sC\\\9\\9\i4,:5v\O+,ڪA;\"\q\\!\\G\b[\z\Ӂ@a ^ \^g@\\S|\m\.\'Z\\\\'$H?\ԕBTil3_KZ#g0aPG\lvlT\-v\r1M)\\dNques@.\h\]/\ykӆ-3ZL\\%DI\T\\E~?λ̓\4j\a[\"\\Zj\4ֶȌ\\|fڿ\W\r\i\ڝYK|\D\XH;\1|@\\*t\\Q\MםK؀Y\Y\|z#\0|Ofmfk\!\+_Uל77\Ls\T\LYÁ5y\\ZJ\\Dt\wp3Yhh\E衷\z\6Ia=\u\\\\//MߪgtO\\|}D\BG+\Vӿ\E5WJ3\BzyC̀\`z\VIw\\\\\7\@vEP\ɬh\\nr\AEOrF\C\\HDg3ЬαR\ԋ\\C-&vK\W@\\p`\퉙҅T\ZNNb!\\/zJOB\A,\x\	@q\vO `-}ŞoH\4 \\t\+S7ަ\#\\\rs.SW~I2Q)Q\[]\	A\	`xUH+\;r\\vU\V3T\x&<\/Ɔ,e\\@^\ZTܲ\\-\<F\%\T!#-E,ܝ/Z4Hy5\Z\A+`RЁ 6_Z\\?\:\Z\\8xԹ\+]}zUf4<t״h\1C\"J\UD\(\\\̳U\r	\΂_\j\f\\Wf\^\rb\랛OR$/\B\\GIA֭\\r\\@\6\\!`$\\T.\-b\	+/й21kb\\#\+G\t	D_\\r\\'mjIT\\\\\\̳Ȃr\\5+R	Y2fBiI\Z\r\\"wd\>Y.e\]\\\,xWB8\\zA\r\\\\r\)\\Z\^[\Z\rw\\w\r\\\n\4T\ \L4\\\\\͸\bŠ[ƣ\\\\Xy[\GOt\\n\'\#\g*O\T\f\Z^xMRҠV~_F󞄸I<uܫkM\\\rw˷Alh(L\ddJ\<\{sCA\"\0n3\$P>*:\\zZ\F\Mm\*Y\\ڨ)k\VФ\\4҈Uk>NرK\>\\nw3AR\\rb2s\\\nSzyQp\Kai\w$DP\\\kUv\)M2w|\\nC\Qs\}>G2g\UI~\\>q*\)rE\\ڍ\B\e~f1\33\I\+˧	#X\o\\\\\rҎK\r-\\PVV\~8%\\\\\oܡ\5\\m*\jǎs}\\)\ƠKC\:w[V\_˙(i\f;2U\"\M\\\0\ 7\;Rd\"b\FylK2\0k\\\Z?AwFZu+7q\\H\;7sp\wKK:#:\\\\\\\\>k^$7T&[h-E#SVs\>|p#\\u\09]ۋP C0mhl\\ZkZ\\~FrZϽr~.\7\\\'\~@G&.)N\Ħ+\	6\\\:3[}TYOZZ\L\v\\{e\F7ժH%0\r\t2\t\Rtl\\:o\$\/\"g\"lX\0&!\~3\}U\X}V|=\\\>o\ZaױJj\%\:\V\E!p\\i^\*\@\8CLY1\>wɓ\k\K\V:lr!\yZև\Ҥ\B\/\؍8M&a]M\pɝQ1pT\\\c+Sq\y&\	y\<9\n\铎P\Zj6I:IQd4{^qq\F\\_Z}a/\\ q3RO\\b\6\\7\4\\"\]qن\j\Z4\s0VF`XN0\Z\ʮ!R\h\kHs+OVЉF杉#%.\\t}\\A\\Z\}B\\9\Z|Y<Z\ /\zE\\ɑ7i`)\ƉDv-y\$b\0Lzt\8YyI<^\\v\.\\Œ:ں_z4\;\\#z\\\\\mjO\\\oc\#9~c;\J(0˗#UWk\t̥j(BoaeS\2!;cP3˷\Zʷ6]\\kfQٟ:\\>\&H\.AWIr\uF[T\n\\;V\H\'»WyI\x ̚\\\\m͏\y\n%B\x(\(\э\"`ѧw>nfo=\#\Dc8\\gFG\\\0ضH3VeK=#\+A}\\&h\\\5;\'b\:\"1)i\nt3<<\n-b\g\J\\?\\0<\\\n\1I\d\=䶦d)\`X\QC?\\\W}P3UeNgak\.\x	\ZM\tC\0\4Pm~\n%\\Q^\\n\N\FU\2\v\"\ \\"d#^J\/\qZ_Sg\>P\\\\zh]\.\ZwvnY]>\\5&V7|ک]9G\Q<\Z\Opz@X `=Ն{\\rZr)7hf\\\mm!j\Y\Ka\\h\JҁW᪍\SA\c\|*\ԭM\\꼛Y,5\\Z\ZK\+\0Oggk\t7\V0٢CbShWy$4s\\C\\Z\HG\^Y2S%\CiH\u\cW]\n)w\r\aGЯ\܀b\cu&\s\Z\iu\TM\"\\EĨ\k*pZ\6dlHǨI2^@JR\E 7#>\\n\\X8p8T\\\\Ac\G\r\7c\vA];:/\Qu\"\'\n}x\!\w\\ǪB6{M\\n\\[k<#\שG@ȼ̓N]*d\)\\\,h\W3\ZKk}\26A-\\\\,X\w;s$D4-f/T\ڄ2\\5Pp\3\i\i}9{\hib\ˡ$\\?\O\a\\\|-\6I1k\ZvIW4O\RN>{\s[˔\\\\!\EN/z,A,K\'1\u+U\\\yA\m./ң\\s\W\.d+\|z\\\P\	3|־Z\riXʛ҆=AR R{c\.\\a8X\"\O\$Q\Xf.\]\\\\V͸9\"\\~P^E0J\\\0\.\\N5]\O\/@\<;ao\\&cL\|fU\w\\O\0v0}@Ѷ[\ZFRI\aYHy,U\r\Y2)\\G\?u\kӠbZ\Z{zӿi\\ǘ5P\ժN\\PF\\\Hc\"i|͚\\KBa\\\WZ\\n\n5AS\'Lc\}LZ-\P\bZZbCN\\\\\\bp\\n\N\\\\G\"-Hp:kS\~wf^`\'N\>\\e\'\\U_6τ&z\\\\r\]	t[$\\~\\H]We#\\3\Ļ\Ń\,r\G\NtNU\{\\]\\\\ܳEN#lGUd8\\eJ\p\\j3\3R\\So\\X=\g\\\iKErfUeB-^?gẺ?<)@ՖA(zT!\\%\~A`qUY\\\~C\p3R\3\O<\#\zhUqa\n(َ_D}\7qY\A\ \\\\|ePɐ+/\)\U\\\0[K3\00Z\\\~BWN\nZN\s9),\\r\7VpgM\*`/\ׂ%(\r/NnEԝ\\}\\\Mn/\h\,$oMF_\`,h\\x?ooaôIY$>D\DµZ`)\4\\grBt\\.rm\5ʟ\0\rE͓B\֜~\5L=4\\\1nW\Zx~\6w\ؘ\|\܃}H1L& K\>V\=\\7=\'\A\n\8\'>\%?\yD_(S\\0,g\\"\\hã$\ayGI\(\[Rgyjm\\\\'\iĥ؃N];*?][c^g\n)FMj\-\vnJ)S\U\\\jRX>\"\l\0m\7-\"eD~\\\\\uS5~\rn\}Q\F9\p\r9A>\WEGHt37C\=\l\K\\\0\P>VlH&-^\F/\\\r\\,Q/\]:\\P\Z\X(BVsCs>3\\Z\3Hklg\Tf\uȣtQ\׵ԑ\\BB\X\Q\\J\\4\ݲɑxZٴ0\\.6\6\mq\\\\At\m>4.V\\\\sQK/\	fqWjK}ϋt2`rq\R\\\H*e|U\Xʻ|\\rx\\nr\nw\\\dO&fM&.\~=\N=\\ߞ\\Fen?H\u#$I\`72\$?\]0{5\'\Q\\W脿/Qa*T\e;\LQX\؃c{AY\H\MYwZ!X]Bꙃ\\\KG\(\J\\c{<\dlm~Spō\\u*M\[?\\\b\tAns\DTq>L[sA9EzX\\\?Y|(\\gkT\~\\NQn_R\ z\|\\ f\1ݬaykEv\0\ї-r)\X\o`s1D\m\\VɄK\L{@6xũA\H(3İЫ&9\\"\\%&ICq~ \\Ɨ#\Inmlb\,\\"\0\03ȣRFda/(\f\:8V\\=\\޳f\*p\m[ߗXT#E\:da\Z{\'5Kg&a\M\\Ai\\TI\'s\A\S\X}eY\0qc\ܩ[%z/{;\k H\v-3\k\\\*m1!+r\=*Vފ%\k\\*˛\\Őĳ\P\0kEf(P\\r^\\\Y\=\	w3\`j\B\&u\\Ȣ\0+Otid&9\/\\\P\]eU&u\n\\\\I6Rc=4eE:\h&Ԏg\Z.ea}3D\y\	\\E\04\7M\\\&%JV\r\/\r!Odp5F.\\\ZE=\\wIu	s\\"xCC\Uewd\r>\\d\(\p\^p>\M\\(3~\ZX\Ux\V)a^}\L\2HuV\H^\\0H\\e҆\kwʫ\Z\z\n\\p\=XХ_ \[E\r_en\\\hu\>\\\҆9mf\\N\\\rk\ߝ/k\Vvϭ\!\\\USPTe\tH<ZXO,\r|\\!$F\8[k<\*\,\oyR=\hS넛vsVh\,\I-\1pQB_ ?Wv\\6\}0a~Sk\\\GU.\(.\fP&\y^Bx\80$m\$ʅNJ\'iVybbc66b\m3\bfLRE0,\\y@.\\Z!w\'U\0\\'yڲM芅<@2k>t\\rBlsF#\>CnB(\La\\p\'AY\\A\\\j$l\L\\ryJ\yb\Ra\	\\Yr\rKp}|;ttuy9fM^袈8+\2\o\\"\f	(s\\\S\]}Y7onC\\!,?kh(!)?CD_1ҙYIz_QQ\~Y\/R;\Z\\!\]#>\Q/O1\4\\zFvU.a>\\ǐ=$u\Ճ_\\K6축64p2ȷ\7\>ܒ\{!mg\0{\&\\m\r\h)~\?#\q\\'\"BϩFЊ\P\'ȏЀ\bnzRHDrT|4A\ZK\.\ca oES$O4|c:>3?m@n\\RT~1k+\\0@<zװ\=\-IWfM\\:gL3u\Ȝ\\aP؈\\ʜk\Z\\\\ĺ&\$lNFxUR?._@\I6bOW^q!RY	${\m.\y@%j	!oV\ڤ\\\3u_\ȥ8\P\\X10\A!\v;Ɵ\s8hjtϽ\*jς\.ۚG{\\0k\n\"ѴȾޫ~8E֝\|\'1լ \0~PVA6\Z*s\\X324T\jK{\\1\OYD:\DJ\}$}\\\Z\b\h\qI\\\\\B\ri\\F*\\\(}\\:Z0_`Y\nL\yte@/<9W\r\q\ʧ\\&LDS\rS}\\\,(~f\_gj.MTG>\06^\m\4?FRQLm^=\\޴+xG/0ESq\40P1\r\@\\\\\<,\٣\ZE뼴kwJe\OVH(b!T\n\s\"\X\\`(wg;\<(I\\\^\n]\\hdK\\\K\\\@\\qC\cN{_\ߒfȮ8\i6;Tt\Ogd\HLڸlto 6/&apK|a]\/s	D\a閒S^F\8L\%\\!ph\\%s\'8	˴\\W0Ut\u\\\)ckFNvNB\-Gam;WN7zŵG\\hy M\\rRn&̐\yh\\\9\\	,\\\X\\7Z&3\\\\Bl\!U\.s~\\\\r\ny2\o\'M1~\D\CtfM6lկ5\~\ }w	MQ.\x`q-t\\\m_m#\?*l:-1\>s -*/j\0YڭZ\'2(\\}3-2fޅ\ڦa\\0(Lb\>l9SJsA\Zܭ\\O.ø\0m׀8+\\Y%Y\'\\H^N\'b\0\ZmS/c\1b*(d#~I](\~M0jЊ)e\n\#\H8\\0\&\\\LVF\aS\2+\~7ZVվ\OM:hjB\wI2iMU 7h`Ӂ%,un2\\\Sz\O$	#\\\6v\\r?cg.{`\\6\\hl\f\.yD]LV?\Zzg6<*f= #\'	\\\ї\"oU!`_\\\"\UK8\\\8\\\Z\Z__oW_9\nFN\^ss*欗=\B;h\e\hDOg\G\\W|.\9.D<tY{ic\\g,Gwp\\90\Hn	ln\ ^\޳N\0\}5:ŗ\\0.\b \ߙTI\2}N3)NLDh\nv&\S\tN0EpnlSa\Y\,\\0\`y/Av\4\\\Z\Q\;}\j\vfs.\f=2\	f\\Z\2NRfIH9\$a~dfHeYJޒ lc\mr\^\"\\D<{\߉8mL\\\\\<\"\\n\\5V\\0\)RzMgY`MRJU+]\\G7\2\'C\eNlKV3JM=OHH%\61ꔕT\I\\\ZXUT&m/Evd\h|\a\\\\هhB:b{\g8\<\:v$\C3\>kFb\TW/,\Pu\-B4\0dBIB\Ɨ_*a\\h\ytg3\]7tDpE93WLO#lY\a\+\ZM	g\0R?\P*\8JҴ8\joe&Lp4\]b\&ÇLcP(0o-\\׆HcH\vg \M,e\*\\Z\A}\'\8\\r^wsj8\\\r ō-h264vb\A\\\؊| Hhz\[\#f\ZadZR6\Dzw\\\\\瘓\"\0\s\\Q\\dW\lq\\\e2K\!\\'FX\0\&*M/}$\0f]4!\t10T\P\a\n\ՓJ2\np-\Cx́/hC\\@c\\\\n3~0\\nZ8s\:\Zv\LpBF~\t\\Ft[\%-R7.\\\\w:K=뗏S?|?E\W ^PP\\/_yEƯ\lS0vA|\\]^a=\\\\A\\\顥B\r\c\\䲧^d\\u\h8\s;\[ύ{H\ZF\P6u\\E\\Q2)4*m\/Ֆ\\\R\|\_ݮSPQ\,-\5fD\"}:\\r6\\bU0[ь=,3#\\b,ZLڙ\0xcl*\"fK2\DֶS)\Oq.]\\:cMx5\;y\C\\\֥o\Ż`,lo@/&}(h\e\"\*\"\\Q=O\\\V](VJQ:\.1 \Z;D\l\Í;ĳw2	\	\/\:fgE\)jlr&lI(Fe\^E˘x\ؚ,,;\@0z\ϜIs\\_\ny3\\'D\\]\\G2\\8~֩\a \\&<Sv_AuRCAE^B%CP\?qJ\\+H\": \\e\ؒ#-%FVTDyRx\r{)w\ckyDI	k\.[F9\\Bm\\1UL{zm\"1\\\\-fir\\G\D3\\\\\*t[OY,(\\2}:}J\"3\\\\92c-\so;Ri.j !Wj^f\-6Yռ\7\YP\z/W\p6\X2\\:9YU\\\0ڼ\G\\̑\D\2ȈeՔ j\6rz\Z֥aKm_fqKjψ\[\\\\Sv\"?bY/\r[o nIf[唂brw\\r CE\W\.߈\\'\O ڑ|ε؀M_B\r\0RRL\7G扩_{WK9wt8Ik΍\?&Նc\Z\Z\\\\\{?xp\N\=,\7iM\\\\ٹb\_YZ\1/\H8!ۊCV8Ie\\\q\x+]ģ\\'SDg\Z0]IR%E? \w.ջ\0kj\Z5\V|UIZ6Hc\!\\dȡ/\\]+@N\M*\ЪX\T֒ \\#-I\\9<\Z@\td.vJG*\v\G	\\\ߐm@KZ=C	\\(Oҩofݧ\\\}kcb%\W#RNDD\R_&j%@\	\\\U.5\WdbD=\EV\<UX3\"9d0\rl[\\c\|H\<S\\\\[Bf\\mh}x\ؼP\6\yr=\\m2\|9Hl:j\gG<6b\S>\(\3vR\\\\0̻Q^D\\\\"x4\\`\ҌRF\ޛ\7+^k\\!ǻq\O\q\\f-\`*U#\n\Z\e/X\Wisx:Vv~7KT]\QIyɳCSQ\2\\\":ӈ\`͒\V_!DmTAm\ZI#Rw\\\_n(;/1~]Ep`\'\\F!\. \\\KaD)nP\z\ԪDaR\Ն\\waYE{ \\aoIVr\O&1!J&\W+gEd;}\"\\ZeIM8,B헏\\\Zp;s\S.2&2\zeN)B͈\\\@\:F+\\\_u9v]y\r\EقT\}m4e\փNac\\,\sIЋ\\ó\R\b>\a}t\\*;\pPFiĠCEғj{Rt\g⑬Y\\]z\Z`\SpI^yD\'(W˛Ѱrud.\\E\9\Y$}3H\o)C \\"<\⒌\"q]Z];^\^`\'	&3𑱉\$F\g\_řS\V\"\$8ad/۬H\6zn|PSľI\ǃ ߗ\unk?\y\\\4\vn\\\P\[ \\\I\dP1a҉D\K\\Cd\Ə`\[Q*#eWɓ\0ޞoHz \~\,:q*\HH\\\LG_!\r\c8zc\|<!=KDzF	h\{\\ZG%\x#\\L\_5-C\\IM\DIPĉ %\?!,]Pz*J\]K!P\\\\\\\\\	ɷȠ\Z\l\01/($QW49Cl\_\\\$\\TE\\tټPp\\Gce]7w\\\\\#g.E5!N\Ehy*{~\.\BEƽ˞ɷ\aCGNǨ\\gt\^e[\\!\/ \Zs\Zb\y6%\pc\)c\\\!].s-4Н!q-u\e\*\\$\\r\%\rVo?NL%䕞\vH*R\\\N:a\Ys\\G{7-Nٓ\\I\\\2+(	k*:>4o$\|\IѠV\)\_K%m\`G\\]\i\$x5dɛ\ngo,&tP_~Z\	3[\\0+a/l\!־#\\S\=`\tu/(`\;`q]\|c\ħF\\5*\\0<J\\\kG\ѐ\R]ysY\"Rj[Wcf\\]mݷ^\\+{\\W\rᘧ3\\m]\\\B^9?g-W\<\.\S.\nP\3\J\\e&R\\{KfOhyrA^-QNý\{!jI\׷0\nH6SQo\s5+~\˻,\&\\DZV-E/ظIבK\|\*\\\\!\vI\"\\-\\BK\\6(\|a׹0q\^?Z L5r`\g\r\S@\\\˶X]\Ƴ\\.4@\v\A*\SG)Lq|\PNbv\UY\\\\\z\jZ\\\\\\yUJ\'+\>\B:\g::\72* \LU~\᳭\)dH6ίTxgc\nRm\h\>wX`Gߪ91Wsc\4LK;\V\nWO\d*K\\!6>\ҰI\K+j8\rH\\\|d!\7h$ʶL\"\t\"\\\^Q)eP2!4\-\BU\-uA\\/Ղ\'f\\JAw	!\w\\E\\.\{2g\\\]\9fo\}õi\Rg\ϟ\A\DN\\h}\"\0Dp\Y^\kL\\~U@G\\n-\\c3\E9u8^iT\+\lяbD\"Ȭɸ\0L\nV0#\+H^F[\bT\c-՝\O^19\\QAZ\\Z1\\"\\hߩ\ʔ\ѡͷ@\[\\A\n_\a%0\r\9u\`\>\"N\ <=\"%\癭\\\YK\؜=2h\4=u\Q\'?6W\Ub1\4\rhjG\:\ia\\\MR1bv~\Z@o\lV<SI\dX>J,#\\\\\ 9i4\jg\ž@Ҋ\RDe8\-4<)\{\}yv|lDU\i%:#\_\"\\\rA>\\\M\[Ĉ\Ot}\3\\5K	@\\h\\GYC\TJgmypĀV2lH\\\np^jZDƎLAo\C\\\\UI_\x\G2bc(\Z6tw?a.Qn\Z:E9\t\`Zd0\'\r<`[\*:\MV+@ߣ>\\+\\\bd@\']\ܒ\ms>\'+Ŏ\0\\OipIL~\x֦,r>iUR[B)t[mqZ klIYs1y=-t!遰\\eRLҐԈ\7Te-e0Uլ\^hJ\r\"%(,e|AȤ\weBL\\o㩿\\\uYu\i\\f\=\"\乾\P8Z6\\e\ \3\tu[\\Ab.nv/}~\0L|\\\0;WU(fir,\9H\n\\\3\"t\Lf\rDwr\Z=\!aW~|\rYlċb&CB\cx&|ï}QIo;-\\1X\tp\\0@nYܾGR4\=Ayz\\,ɍlV\\\ꟛ>ߺ0\(4՛\0^\\\\5@fB!Ig\n{bp,\-\ǭ\ZR\\hª\'_Os%r5*=kME\ŷ\[+ivմ\R(\a\?L\\O4\I5x~\\\'\f|C%\9j\5^XS!:VCL\nFQN\<\$7z\x60j\L\3&j\I\"@#Y\J/s:?\\/m\y1\\-u?#ēZ|\r\\\ZGh[e\d\n\i^^\\|r\\\h߮r\ }\Q\a\kn-yEaT\m8k#v\\	fP\>f\\,\"M\e6\|DwRH0aEk\ac\^dt0\n0		ZL\v\\@TVF7Z0\\`32l33r `F\n\\>䁍\\%9hәi-\?d\4\\g\\\q(\\c\N.\\2\\t\,T\@QZZ~rɦÆEk*֥l\x+@R\H\e \N\\rr\\\\fd\\H	}\\Zs\RpA\U\oY쭙wt#wq[~e=*b\F{\(\\\m\MaKŢM~zD\\fۮu\\\\̤)Z\Ј\\΄\Fqv\f\a\ɼ\K:5a7MAl\\n(vO)$ˆ\\-ki}-x6m9Oڵ$[x<t\2;}&\\6Ħ6cuH\!)^JJ\\+@\KD_\\\\-ЃBcBg@\\ZOl\\\<T.R\r\nT#D\&s)g!\*\\ZH\I\\.Tttv\\0yvVv&2-q\ܙ\\wh\\̔8N\\\@x̬s\\uXŘ\Ф%@\t%/u[*ȧo\ȶ\pI@i\\ȉ\Z1\|\r\;\\yw\'\nRp[{\\EW\\rs\n\MT̬3\]\Hzf;4@\'P$;Yo\\rrXi7\\zm4<<\,\G<\^b\n\%\\2OtDȮ\\dBHs\H;\\"G;r\@\^\nt\\\^\4\Z݋X\\*l\5RjtK-\䙎\\Gǜ\zk96\:NWj\r\\T䇠\nw>A\~\w<ɫB\\Z\{n`FR\U[\\N\.A\#,cJ,-}-MQCY1\r\'\Q߀ɨ7\x\\dnP:\\5ed8\uܞ\-T\=\\rŔ\tSg\r\\/Sa&F3oT*ݯoiC\"lGt\\9%\v)QO>U\\\Tps\k=[YenK,<\k\\~[̟65W(Y\r\O\)EB+m$\sxw6{\\&K\`\|\'\_\,\\Z\c\\\\'[ \0\irBv\\Y\B\w\\\\N\=\\::\0\=S?W\rv:o\s+o\\\wdW\)5M\6nRZ\5͎R,<@O\Oq\\\-{@ɩRR0`\`Rox\0V4<Pť%cen\"B^0LVl/|K0 |R@)yZ\\G\ɀ{3V*?g\P\\4\헲[oDT:\L8\+!&\\ksme\\0nEL#%\';$\D\\\\n\\\\\\\0If269LD_??\ouL:\rF\L\gTmG~_\s_\;\9\9\\\\\Ƙ)nCӆH\n-]4{\\o¿\\\nJ\\0Ҡ\rfJ=\P^f\C4&4\\rH>\0pcFxK$\\y=\G\\QR&]	֊ư\A\1v)Ĺacj\ZB!\O\{\}\Ұn8\ESRCӋc𖑧g]8 :&\<3?Jr?\rAO~\#m\M0\Bq\d}Q|ym$\\ҮFC\\\*iBU\\\0TBIWD\\rN\q~`	jS4\\rq\!&Ec}Um\\\nˍĶu~j%\4f-\av6E\\h\t\ϐɟhpng\\He.ѿ+AW\\u&\qe]8s)\iM\n\\Jv\u算8(t\.~\'M0kb)9ػ\.#̸=\\Lu\\-r(ŀg%e\Ĭ\\Ɍ\Le.\*\"z9Fq;\\'<)#\@h$w~	U\E\f\XR\A?Z`VȊ \ 7̯Nz<J\#\\\E\\߲L.8<G\ʴ)A\\0\\N9/k\Jpk\Z\\UZ\xj\M\'y!C\\Z#*\\\*:\\B5?O\\\B\b\|b\\'Tk\\r2\r\P\\L\\AS\;g\%5k?gX\rAk84\%\5X\\=ScZS3\\l\>,\8ϐr\,s\\h	%`\`j8\̊\*)\VTN\\rF\w>ʹ\:4R7g\\Mӊv	K\\*<\\\r9A-M\yG\΁\<,bA;𸸔HA51]89irqe!8;$\\\8Z\&@\,q`\ra|4\0\\Bl>\Z!}\\n\\>\\\y\uvA\\&!D/\\A\V$E9@\\.gĿ\9\0\*,\MN\;(!%\n\"\\$\Lt3^R!\VJ\]N/))\ \]I\\\+eP\\!\V+J\\~sk\]>uXJ\ﯪ\\Z\\ӭn\:u.\3G\ɪP\\\Fr M%\\.e9̕ (\"ps=\4\'\\ޥ@4v՜L]}Ϫb0\a<uԂ\\OƷ~\0}2EC\Ht\\r\\Ǌ\\ Q(\"{`mdG-\(\\/z 0.\B\59ұ\\~\\`\[\^Ië^\ \\\\\U@_C a\Y:)̓\\-M׽ޞ#U9\SY,\Xe^\\R\i{\\\kt5٦\0\>\4\q7Tǧ\G\\sDm~)A\V{\\R\rFT\'$\\߫\5<څqr[)g\`}_\\[\`į>Ao׸r>m7\!{Od\\J`<\$\#ܤ\Ŭ?e	\	\|\\=\r!3($\rBsDۗ^9\\\8k%_Su7!m_ڝ۫\n$\A\\bS\|	\'\n|h\q\;\\[t4\\\\\ゾ%yѤ\,x)0RAl\d\Kz	,1\K\֕LĖ&)\&Yq8\J\4כ\N^>\w\\\3tt\ڗڍLJ!s?\'\뮅QT`Z\A!\X8ş\\r\	3\\lLCX<c50:g;Ʈ\\\q\'k\\-ܛ%?WjBE>JlP\ϖc䲓r\̨\] AwH>\&<\͢\rJǽ\Z^r|4\wXrZ\2\-\4iW\r&\nd\'\{j\\Z$C8B\\`2ګu\21+\<8\n\\\>\\aў@\\a \Sҫ^$3\Zyu򑢰)\\\0MߍT5\Ze@\\r!Ϻ\p\d\0;ܑD;+H\{\6Qxy袤/\L%h6UVRW2۷\|\rU\d؅R/g\zJ\Y*\1\'\\o]ϗ$UT\g\"I\G	M|N-`O-ק\C\M?=\\HBqct\aF\\]:4yGJ՞?FoUk6E\Β\5ju\\\\Z\xjF\Q9Ū\7.H\\IR{am\f|{O\r\S{[`iF]/\f\A\~3>\[#w;lxc&Mr\&C,ġ\R݃`ەq$Ժě\\+\[\0XI?R\m&\\Yڡ&f>\\0H6\Z{;\y=.{\^\\\e\U`d[\\\#C\\~sP~\\\GDFጊaW5\I-Z\\E\,\Y2ŭЂtJ4\xG2L,4Tl\\\"D\\N\6\\[Fa	R	+\\|E\\\"Gk\\Abb\G}I\\nr-8|<^{}\#͊`\'Lիjp㝟\Zah\\y\Z\HeU\W?D0!\\\\?\\(\\\\\m\y\0\Ok`Yd\\\"R \0KClK\~nː+)dKsR\/(ntJк\8,јL?\~ne5x\X\\,\\%\]Y{V&g[\rp\\/\\#L\r\\RA!D)/dbjP\z\\r\"&T>p\ev BlީSM\ zyl\@\k\juK^C(5ם\\ДخEs\\\(ʮ\\Y@2V)	iPi\g\nW\{\"\\\GJ\\\Z6H\>\\"cX\0eð<(4r|\"/tDgӡbB?\YzSh\5\r\'!\/K\kڽ\n8(\\'\H[o8\36\\\'\)\Ь0\\(B3~j\"\Z\U\~&PHrS\:V\5Mrz^UbXM\ǄJ\'t0\Aa	+\ޘS\:ED,E\\Y\=rDom_\m\\n.K\\Cgq\\\9e\ぢI0fI_ޜe$%-\(\\'[Hl\\䰘̷k\hT4<9:\Wxe\"ԛl\-\7]r<Nf6\\[%\k\\\0<\rS.羕?C-\*;\\S\ٛTF{Ds3(;2r(\\\j\i3K/\\Mx0쵧d\d\r)\Y\@\|}\\"\`\P<\\\\j~1\|r^\(\\1\&h\\=\L+\g\\.CGf·:=x$\Bīա\\pUT\Q]h!Ϡ\\\\|<⽳\:\NM&\婈[\\eT\4-l+\\@e]#\/.&$/ّX\\\u|l/rYOq5/\|\\+\q\ΞNU\q\\OL\r\;hC\\\\0-\MUhIopuFFpupB<\T\ddvz\y\\fgl\|\\0MRr\9˪\	Dw(4\"lAg^?ys)7b<\9Bm[Zl\n4\r08&4ӝl\'(\A(\6^\/ž4\Mq@&{A.Ѡ+{ޓ8w\d(\\7\:B\ۚ\\\St+m\$tZ\p\m\%\SF)΂\\8\0!+H	Fh=\n@-Eh\A\eYTDUE\\G$q&\\\\"oD&[7/\m\d\0\F\((j@\I<\ru=E?I\\\\\ّa\|\\݋\\¶\24Zd?ĸo\\Xё\y*Tlfd|\\4ǫ\cW\"fk䃻$w\\*EѤC\Z\\c\]B^\K\\4KcmJ\\2>y\pPK\z;\ZsX^w\i\G(Irl׃1xUj\֡\\;ĸ6E\MyT\߽P\Ƒ\H\0\Z\Z|\nPB}\\Fv\\\\PKj\\r*v\ZuQ4\H;\xCрT\"J2ȇ\FNfG)\\\Ļ㩑P\t^\S\]4M$\\\;jg-q	\\?\ߓLT$|.6F\>4Cy.\F\\"*r@\_$\\'xSt\Z\0ߑa\\\8L/L9u{\'\\a\\l&\ۻ2 \'Gևkrk\nRZp$:\K9ܞ֢]_\n\ra}G ֓K\\ӿ\]M#h\/|\ึ\"gZ)j\3\cJGΠq#Y4\.\+}ug²2\\\\͊Գ	fL\ZxQidw0<\f\\\Z\X5+^щE>\0\\OVU%zs@^7)A\U=~l1t^s\x4\m}C\$ʀ0S:bI\\\JoO$.\\\k~H\MeS\\,ta\\˾\m\<\VX\Z*-f\W\@\k\Hs]\\[\\rlˊ\,G{>\^\K\پ \Z\VR\6M\\rsDR*\0\zlf\>,i\s\q\]m˿!ۼKP\\'բR~bmmA|Vp\r4\1J\`t\cwK\+N\mz\Rnfc͌l$\q\\?h\"7j	r\\\'\\\!K\M@I\ƇdT\AHR\ m+*zQ\\\\Z*\^\Z\T(3ӣ\b\N4\n?>̺(?e\\nkӬFqe%S(?xN2\'F\\\GE\\+r\\\7:\\9ԟ\)sZ\\˼\\s\KM\\E Ҍ56u\"	\dp7?3\r\hޫT\\\'Fv\\A9\'/y\\0Hvl7X\\\\Z2	\*h\\F[E\f>DR0>\	\vlI&\6>6+s^=!\\h*\\\n{f5	\k!\̙\||K{ׇt08sڻ:T\&0\3*\e\piiTX\\0\dÍlþ\\SXܝ8\ri\\\˃\'?u\RDTa2QdU\\\\0kb]\2=uGr@\Fx\YA.9h\\Z\0\ҧZ&H>=Cƫjtl\x>-\'v`\\\ZM \\n,ۀ\ruE+pd慞\>J\rk6lnv\yn\4!k6o\M\ĭ{\ⴕ,\\;dO3M\dv=\\UOEό5\\\<o珤6|F\qY9[\[qʃv^*&\'\\\bِ\\\Gp.^\\o-*G)\?z+\]\֣<4-\̛AЂN/$L\\0]\Vtjb\\\T\M;cǩhU\?T\nW\04\)v匓䯋Mpfh^k\\خi\NC6L\2yq\r?J\1U\'\Z\\%gs\\\,񬝓\0V	\\"҈aٚD\"\\\geNZL~\\-`\ A\\+\d\ü`E\\\rWOx\Q\}}\-\O\*] w\Qذ\\cD\Ve\\*\j\rTF!Q+\\ \oǍ\'̷6\\p{\\C\\tY\X< z;G>rآ!U\\\;nh/q;\	Q\$e<\OY629Gr\hGTG;\5<O]\4*XXi\I\\)_Tl\\e\=;QY\\"\\!\\0y_J2bI):(D@\hQ\\J6M\6i\+\r\Z%pI!M l1#X\\\\\\gg\\ZvK`KxLt@\]\\S8a.*Z	\\/	b\\<#*\\#\S6IE\L;\P\M\\Ɗ\9\\3\4AK	\\\ol\.\0Ϥ\quW8A\\\(W!XDn?\}\^/p\pW.IrF\<CU\\'m.\XAV}\r_ZJ C\A[|̓Z\pD\yޖ!c#y\`%gE\yF@@s]\\ŕ\rv\WsS!ч\6AE\'Ij\n\e.n\u\\)p>wV\1\R\)\Z\ܠ)\\o\\a\ľEs\\7Y\\(ʺŊ~aR4\OX[VK\6FDԖ\׻|\nd\;\\+\\z\A><\\:ו\ x³\\54R\\z\J+\/\\\\_E\ˋ,@\\N\э0Ԏ\dt\P\{L2\n&d-K7O},\3Q6|&KWfq:\kg41Rޟ\\#]%kFa\b\\Z*Ed\M\0ՋqH\)<Մ+\\'\1	\\\E\Y&W\R\*~\S\m\8\bzF}63\\TwhӺ\\>=Vմ\02/+5\7\F\<\W\*Y*m\!ݥ	V\үR+bA\Cl\D`\$\I\&2\n6q\tAz\\\r\\\*򲞜%!\9p\K\؍\o?1y{q~B %;y]gd}x0\\\l\;?zis\\\\flJ\\]\\䛍\L\'q\\{Mw\:/\\\ɹ	:h\Ĕ\0&4szN[\~:w\3. k}KR\\UQ ?Ng\<YB*@3<\R\\b\~;\"\^\!\BkJ\_]Dz0|yvOj\BhLܕ\GT,C~g\\θ\{e\0\\mn\\;i10\\~*y8TFՑRR\?P\V!]\b\\)ȊU\aȫ|ٌQ\\Lk0Ur\"Q}A3P\r\ZVeCfs\\\f\rҵZyj{\ƏiT\joJxϿɄM2\NFt\ɨ$M-3`D]\rL\\\vZ\\nS\Mq۲\\\\\4+\\#:\{D\NN\\Է\ r\aU-\qVF0֎.IiEvC\&9\P\C\\sw)H#X#F\\0@D6rb\\Z\'\Ο\c\nU9/_QB2-S\\\ߗ\?]v֕\\\"glݷ*\\k\T\Yܩl31_ʑ~BWe\\/8\0v򎳎B\\\T䇓Iv\BYAt2l\,\33\&\\\B\\\5DmIJ\.x}i\\$R[)lc\\\\\"n\QZA\Eu{^\8K/\b{r\s.\\șF\ӽ\p[ղ\0ف!\s勇V˖ퟁUzau\Q,u-\\0T\mO\|s\ެ*\<B\\!dbߌ\Z\bPe)y5~Q\ƺC\CtE\NQrXAfhfT(\\0hu\\V?y\\K\f\wѼ2q!\{\0#I»$\ǿ\\r\|߽.8nr\\rFj\Nr)*\(pde6\u\Ap)4x<[_\z\IQ6(r\G\u+c!}BLk/~\<\\qNԟ;\9&s\n\`y\r\fD1I\{\*?F2\ehn8i\\\XWKl<U.T\rݓ\w-}\r)!cYd|\\nO\)*GJV4@gA\7\0M\nҹ\}\żK\"\~v \K\X\$fmۮ	+\\0\>\w&:]w\\"Ukl\'=\Yɠ:\BN/\(k\secb9.\'\\Z##L\\\äMe2I4\\\	Z\U\#kv\\k%]L5/-!\\|\\"[\3ǅ9FתH%\DSkŐ.\JV	\\+B\kN|)\dumք\m9rL!P\"\r5w\)4bu[d^\\'E\rT!\\\u_/:S\ƾW\]P\4\\H0:\ 0Ȟ\{nF\\߮=\\Z}%Xh.-k\ӍR!\yŰa;XoN\ouX\r\0B_@˙z\n	M\\'i8\\\k$\O\JY	\)hx!vKR\zQ\\˒g\+y\\HDjѩX$d\R\H\ڪ#y9̱/B,үB^,ݎ p V\Gdޏ.\b\6kLP<DIW_\\'\n\\A\+Nma-\I~\Lӹ\ƴ=Ħn<\\!\-n6e\X\\\rx!\#O	\/\"E\7a\s\\iī\\n\Y%\ t|\ܙ\ gȝ\nF]>1$Ug\\_59RbQR|lh\nSk3E\(N\t|/\}kgl:b?Ě@\\ֲ\a\~e\5_\.F\0 \C$dOJ\\PxCΦ&\\q\\2\\tOW\n+/\\-@|He\<ҚO\\\0d\n\n\{k٭\-Q\Z[P\&\11\Zfa\\l\Z+\F,t\u}\=YV\'R-\du\\\\\`j\/\p\%\ZM].QA^N\\qb%:hD\\W\\\\$)\*L\Q\\E1]kqb3\\\N\ӫV) idt^\\Ǿc\`4lcU\\0k \\"O\\\BzB↬2[\\\=\hة87%.C|2N>>\\Nϐ\j\2)ݔ\"\l	jd\0A\C!刯u%Пx\G]yG\6Q\\'%6AF4@13\3\*޿C\}\\jMc9H\\n\%)l\1\\\p}\\P\\k\ݦ B\ʓ06#5M\Vy\"9\\\[I)27W\\YQ\c3hSLp/͸crt3w\\;-\NФ\-N\5y :\g\\d#\\,w&0_$\0\\[1d.x/6sD\D\r\7!r\Z\\	\0&9	.xpjx;B_H0!j/ÓH\.w\|\BԢYn/\Z\$m\Y&A\"~X\CO;z\"Klx,}eF@\T\Rʬ+$\\q\1\zAX0ha&i \n+\n~[C&W_d4qP֠\uxv9\jSVW\r6\\\S\Z\nV{u_&):P\	\",_\wnQ}\>c]|\\\ηs\h\\g\"\\[ƝŘ\x\\\\͏kjG\x\1\ɚ\,\#噤_\ߔAu+\\rpC3ƤOsA0V@c\5x\\\\0yo\D\"OI)@x\(ô:˯ꁊ\>\Z\\#\\"(gX\JOW\rZF\ļUoG`\' Qd	5u+YP<r8!)4V\r9\DgG\lJv}9B\0A4u\C_+\\¢|\0\"ה};\'\h\rN_b\\+܍%3\Qޭ>r8\\.\*\(\\HK:.\nLH,8+n$+?_ \\zj\\w@Hz\K\h\{t\qGw\NL5\nn\@@qY\7\\XIѭZ\\\\\х\Z\Zz\:\\!\Ú<8i\W%x4!\^\\1\=>h\/>\zis\@D\\Бx*Y\tf\\U=M;\\\Ctǖ\[\0\O\\\nRP\-O\ͺcKb\88Pg7	\\:4\o\ۤTܺ*=\\r\n\\x\\Ӱ\{yK\3V\\阒oIr^Uh\\C\\r:2֕1!j{\\D?yE)\QCiwLgao\,\n6\'S+]I	8E=F\ͱlPz1$XNU	\\\n\0jIM(a{b1\$J9}Uj\\QޏF\pc/\Zo#\\J)Dg)\{_-\,\\95\V\F帖}\/Ց\m\L\'NoE\\׎H^p\Z!S7׿\skݳ?T.\x\w4\\ͷ\$\\%hy\Z«\0`gIX\\.\\D ܂ҝk:>2f>Z\B\r\L\IBu\%\h͔OB+ۢi\\\=\]:\bx_xֵ\nIU*X.\i3\5\\p\l\\\r`i\iԒPm\\\\\\D7XX\4s\\ Tu\lw\iG\]ඪB\nNڎ]\\0MC6\0DVx\b7f6y\|B^x{\\\\\lCp\lfhXnϝ;0\\'Xo*\+\\,A\	`=oPi\x\OD\"_ӣg_[!ƚ^\&-\4ꊂq\\˥\3B\/\nȏSi(F\Q\'dƾO\/\9/\\عqסL~x\K㴒\\~BNg\kVj\ub%7a\"		\">a:Z\7-lR\]hg\^\>yh?\S\;@0}\jIL\D{\y{\nl	\`\\\M\\'\4vf5miwG| _7U\;\a\\\\jC¾y\C8?^agrA\0AL\%M2Ut&ȡf/\G\"-{	\nG\C\5{}hF\j\\v\!pu\0C\1\\;\|Zm\\.q\(ؘ[\\0uw\\i\c\q\\Ŋ\0m\Hp+R\"Y;[-QAJm\*\'$8bOZ\D\X,\\\?V#\<6\jJ]\\Դ]s\n\`[C\)1]?\{\%m\5as\I;\\n+\^}:=\Zj\R(l-\؃y>R)NX_\\hd\Mw\`\j\jG\7ܺUwYX\T9W1\f\\\\gv3\0\rNeXF)gT:\'\\=U՟B_\Zu\U6\r\&5>\ǩ{\L\߿WE`\Q1v	)s7ITm;Y1b\wi^=H\RFv\\\\zm\3sKݑ\1\\\055&9iRy\\$w|`>ЀQ1!\`.]BH;!٪N(\'LSvV\h\9\\ZM[\\\\DA7C\A b-\4r,4\&ksTw{-D_\"\\ʣә`e〜\;F\#\0\\G\̦z\p\!ϳn\<\b\\Zf\j\rOv&ܛ\\\\(\>	\=\\3\n3R?1J\rm泉Y@x\H\B筭@w7\!ﮬ\G\+\\اZ|S\>\\\<cuR\\\A\\\c\j5\.ު7\DÝ\1PW\\\\-\<ra]\\Ò\cW}~ͽ\ZA8?R\i{G\\YɍA\o\Mks6]wqUΒ\TKb\\;d4\n\R|R5\j]sh\{0#Q-&7n9)/\wri/#u\||l\\r}\Z.	F9%`$Q(7\jTJ\Z\\K?4s\\׭S\[Dc^`4<l\_f\\\"c|J\\\\\b*cϿ\E\Z`#:\nE]LoJ>L;\6ӟ\;6B/i\wqA\ʋ\Ǣ\\Wr\s*\zi\ʲT\ԏW5\u&\Ѫ)6\ZiT,)O>\\jJ5̅\נ%=\0\8_\\\0\\\ͽic\@x\b\2\GhD\t\\tJp\S-Id=\l\nB\r35!C\um\t%+5NxVEY0I\\F\E<B\{t_Zc\0 wb k#U}\q-\\\rW$6~R{N1F\T\X|4\\e!n\\b\a\|iؠ\ʭQ\\!y\W\\*a\9İK\\\"Bg\u*\C_\.5\Z|>q\$,_6w\<cv|l\\Cw\R\Pl\n\\fZ~\CFRl/Jkv8>\\c舳B\S\Cf\z+6Z\.yN/h8\`]\\dƹV\iPwߝ[>C1\\&jf6e\ap?]L]\A(iG|eo1\So\IɌcĮ\,\Սg\\rG}8\_=S W\\\ѫ]l\\Τ\Cn\_;rZ7\3Q\|\\S\\\\q\\Z#/BPV\1s\W\\0\Hh\UGs[J\˴w\r\ح\\,\Z\m	s\0/~	-\\\Z\/\eUl\(35*K\b2\0\fdfm\0lb	Gtv\3o\r\8|\\v|t\ܥ\\\'\'KV\SU\cl\-p=\\\S*-5<\o#\n\=m=\J\6\徿gYR\\p(Ҁ\.9`W\?;gO3%֟\\\0]N\\o\hV\<\\YԆ+Ժ\'An`,6/	g\r)\n5CW<F$]RK!YٕqE7X*ˌWv	\'P8\߲<\'VB/..a\nfkA8Us%0r0sh\0>\`\́\\6Ryٞ\+\p\yeВ\0ollj\b\C=\H=)ARN#&i(dUr\n\;Aˎ\C.|\rx\gkTհ\\\礜7\\]\q\_13=.Y5ɴ \\\lJ\u\"ݤ~\C\ sg\}\\0+F\h~\3%(#\nZ;ϋ<P\6\\}jδЃL\;zFM\\82lp\(>DY?^6>WO^	z[K3Sќ\.%٩f\\\k4\y`ż\#g0\\$to\I=٧m=\\cgU!!9T\\\\3]\\cj<(\ӗ\H4\07CCKK}\z@-\@T\LV\̱9\0\\"e;aٜl\9eK\i\\\^\\+TLiciI0\\^߁y&\\gl_D<.$cf\Zu~\^*C<MG\NTiBl\}*\'j8Ub\*?\5YC[/i\m[&$\7\\9.O`\0U*wO\\0L{ۍ\\Zo\\G#\nӈ)T\g\td\\0tS/j2Bf&\#P[\{\\`OKT@\\Dp2\\:gL`À\M\Rm\\lK\ 	\J3\\\?x \\loYbz\$(\x*m\\r&{OO\0\nCyRY[)8_:mU,u4R%\\9a\WYbEe\\M\7;X!\tnF\q\eo(0\\q\AgC\r2\0\\ HSK1vH&{-r[{\\"\@L\r\\\O\>ԡ\5!\t\i\\\Wvӄf3laK貯yD c\\\f>@\\\s:}beU\\ZyS\ƾ-ݧX*OOItG>,ɓ`҂\îr\|\0ӓhe+DlnFp?w=\v Qo\gѧ\̢\8\\7\B0;eAj:C\%hw\1u|t!:lx1k-)ZUDh:BSj\\>C>{7(\3\\\qA\PЧ\d7R\\4o\"-\\\T\Z\X*\AmZ{u}.\[Lw.=Mz^\n\\,8o\61\\r\\\08 Pn(\e\{pXL`OAhu^h\N\\REL7M`-F\\pōJ=\\#\\Z\'\/<J6=\\V北8\)N2\^\ok9hMg6?N$w1I/\@\sFf_U\~d\\+ө\5C/oގr\'\L>[Y8\=-ێm#\\\\&pє\-N<#\\f#ta\\^\ŀ\i&\%X\?(\>Gvl)b(P\'|\\\{jqb؍$\1཈Mr\\0\\nK\!em\]us\\̣\'\\\C8nH1= ,\~Fr\#Jʄb*\#լA\ѽFܹ\'0\o\Gu*L\n\Zd\Pk\(\(bsf$\n,ra\ ,%\\\[T۾,pu\hS\lΧ҅#\0);\\{\<HZ/H&	\\r$\\ϭ\K0\\\cQbT7\9\v\>@\zc\"\ZEǌ8V\%]f\dr|v\"\\A\\#_q\%䆼?*||$ḻ\.[^<ܠXJ:\Z_0\Asա\f\7\0\H`\֌\/LpxbWa\|)\r1PE0̏\-\\>PM{\l23҇#\W9ZE\	\qMi\Z΢`&\\ԌmmuC\Z=\UP\Y)\\\\\\s\\"\mB\\!N4<K\'\)\]x$oZ\Gh0\\\\㫍sK\u0\6͡F\7\Qg:vtY{bQm\\\\n1hS񢡡\\o@_\"Hfe\\1?w\CTh9\\};jU-|Qtŀ59E\\b\\D0:iV*f1\^\ȨJ\\\"*/9l6\"e\Of\\\(\m\\\\nD\\*$Y\\>\cl\\]\:Q<`>m*\\H?nSBx\\j}>K\\Q\xM\8\\c\r\ZP>l\+<n^	mF!\D\\y>\k(g+\@\\\,Y[%`.\'JHVŗ\\~qNJ\$p\\.s={8O\\t\w`]2%\0\\g[ޭ\Ƌ~\g[\\\hrn\\\w\I8CĝC\@\d\oM<\'\C\\֠Z\}t\\x9b&}!b\1\\PRgfTpi\\Ǿ-9Vß3ιf\`@].\F\\d\<2\n\6\Ġ\	,,Ѐ\\\Ϊt<P\Y\G\y\4U\@\\eL-\rP\sBK$\"\\\T\\\|_k}f\~$p2h6|;BJ\\\vkn!xYkn\PM`\ζV5\C\x[p[β\)wKGZpϻ͟\N_,}@Xˉ$^\\K\/\\'.jm[n0J)U\ޟqBK?b\\xomhwAP*|h\\4@j\K\$*i\n\|Ӂ\=\\e\\\\D)v\Z\쎆O\U\	/\\K\FƘ	\ZhyLdk!\nj>6\9\\֊\còNW\AŁ;\\+>\}\\5@H=zSP-R\1\Q)R;`*\\\\EޒP_\\\}](Iaޠl_Ҍ5\儲fD\\9| 4\\\W\85\Y\\[u>R\\ժh%ߞn=\\/2/\\Md\h \\(]b\ʳK\n>\rp\nV=3QT\28<k&Cp^-ϴZOॻ)5.^\(b%2 \f\\^Ĥ\_k-\'I4\'\|?,E\xj,]D\(	Xx~;T\\\i	MY4\\q\\\e\7\᎒ $\"2MJ\#\'\6\\bKh\\&x\n\xdg\U$p:גDƩ\z\I\]6.ήYg\7Ҙ\\\qLk\w\Y_n\\6\F\,Y԰+G<\h-?A.y\#.T\07buȗT\\:\\l\ab6K\9\o\\/5\bnOpl5R<яZ!Aa\1\1\R2R+;O\\0/,\\]\8\\ \\Izid\r]\IaZ\N\\\\qsy&>-$ -\\Z/R_1:ظcBWSXL\\1&H`\4\nny$X!/0b0\Zhd|42\\I\Zbv\ْ(}`t7ʟ\Z?\H5\\0MZf\4ŎX\rOS<nU\؄\UR\3ct\P\k(\ \A6ײMg\\	\Nf({bp\\kkZޥ2Sm6\0\\1isPoJw\\Tl\w\#I\3oAq>2N\.#\ܙ\y\'\\\&)Xϥ0h+\ъ\sx0\0>~Ǆ\kZf\@\\0ҩ`^\WESz:H\\0\,X\N{߻cX_J\"xADF)I:\7%\n#wc\"/|)Ъ(\\\\q(Q\\߯,\m\ `-\\n\I\'\ɒ+\\\\޲[R^Y&\"Ō\Uũ\=z&y\\\\Ar\!>\v@i\c/@$$_lG?5cm\\"]?OL#P\\\@B>\>=\\\Ŋ\BY&<\\"dih\$i=aX\;T~\F\\ZiZO\kF}ӈ\\\\5N\ZW+\\\\\i\\8՗,	\t2V۠\QC2v\\nv<:{\B	*ɴ\45\	W8\\ʎ\?(ii<({X\\8\~4\Q@\\\d2!#|:M1\#\XR.Smt\Ffɏa@ZB$IF;$9\\Q\3sD\5\\\\,-MІ\'\#\\r\OOdhxA‶E\\S\+{+ӕ2Щz\Z\Mb\5g2V<G\0\Q\K[\\]Re{\\d\%\\-\0n\/E\\4 سQh\9s6+<&A`e\n3\rHX\zu[\eA\a)\\r{7)2nvS6,7_[\2%\\˾=\Te\*\\\\rK\0\\\6/V?-\j\>\'[<: ~)\g\\\R\ܥ~>ƟD@CW/\\"g~+Vjm\A5ܚfo\r\,ۊ\,\Q@^k\\]a\r๝\\p}R]uxvsʼ,!\r\\\Z\l=߃m)\Fs@x1\p\\|<XwM\\s3`\\\}uDau	RU\{j\ôuK_+\O{\\qHx[4b5ga.h\\\\I1v\-\,l\>?=\SF\\e7f\\\\"gIi\b%)\\\֢>5d*gA\\qO9Gm\n$Za\a\/\\'\\\2ܼ\cֵ\ZΙ{\\x\yG\\\\r\\K\\Z0g*Xl\\#Wۖs\\0\\8n_RP\JQ#\;\'\\I\2y\"f\\6~O%S`h\\~	\\\\E\}\x>\cI\+=\\\\l\q\\5˛\S\0\\mp_`b\pQ`Xq\Q?Zq\1`ǈąvs*d,X0o!h}Q!\\\\4!\#ĒY	P<Y:ŏ&zB\k\rL\셲i5	6~\\'\LEaN\;	s\R&%\\y\)E\\_|sז7\qqhL{\\\<\\\rA4@Q?	숍*\ť\鼵/b(\la2uڷ\"\M&݋\\Rn\n\3g\E7Q\%\\m\0)\\+3OO$$\\\`5ѩD5#/\sTE&a\K.L$5\\$-b\gz/L+pv\\/\۪\nu]tmjጏ\\'9X\.lDc\'8ٺ̩}^K\m\\WPIJB\WeS\#ƅ\}	\\\x͔X\1\Z\6Mh\|?A$\'81WrL&\r\quGO[_)D\\>l\C\ZAϛ[G$#.F\\񙮊/\Z^|]⧚_\ڶŉ%\\0W_&|=/寃\"E?cԺ\\(?\:ϐ@5\/\M\˫ca,¸rP&d/N+rU\,6-\rϚG<kY*7ݫޟ}\\E&bح\\_xN7\*M\\j[w\d\]0r&o\cv\ؐ\81ьAmS+5\\Jʈ\{OL\ԌVK\K_X\>\gyj\\\i\k\nG.?\Ս\BajWrA\x<\\+#\rV \\6b{b\m߼j\\;\0n\\	B\\ae\f\ֽVGHq\|\\\0GWTУ1cmJ\\"OCnYa¡S6@+:\MJ\C~`Jy\	\ҹk	\=*_,1#]׹:x\i\d\\m\MA]u*EԆ?\Z+Y$\ވ\>P^~3\9Үl\'NV\\mv\K{?_R)6F8\\K\՜2ΤV2|\<\JvSB[\Dy$#H0?\#\Q\>=\dYS @(`m\'\Z\nƭXɫ\\\|]w\t\!\~^\_\\n\\k1<\\"9\ĉ?ųqh=G\]\nmj4TC\ʼB\4\ݘZzIJ}\<z@H\\\<Fwŵt=ԕK\\\U&Fum\k*0a|Ѵ.bov\<W\\03\\wۄv<[*\\K\n\{ѿ5]Տ*)\BX$Xu\\Gn7yQ\\\7ܤ\K\:\w	\b\\-Z̫\\K\_sA\ž\"})oZ\nG\[t\D!\n6\\΀Sk.*7^tb\\\B΃t\\zq\z[\ֈ//\\?\C<\eInq\\j\\#\+\_/L\:\\{\\p Nc\x*6\\	\\\JNh1\W|2N\lA\\X\4\\MRp\=渷Z5\.\<\H\a\+G`\RUlߒj2;x\\|$6\w$PF\J\\\}WeN9g\rz\ZJXP!}\0Q\ݪɕDʚGc\\\wV\ݬm;y|^\\\\#)$\r~Ӑ\<o\alFy@CS\\YT;꺌\WW5\}+g\\y\H&-Ɛ\\qj\BV^jTm\r~V͖\\RH:\?r^e\V\P<\\'5F,&q5rD\\\r\"66\yZkG1ߣ	\(+a\\\+8\a\U|3\\\Z\\\Ll_7!\T\'\\;>NW\n1ˢ(^=\BQ\\l\\Z\nm\/2Q;[e߲WDkX\޶6B\"H0\Q\2e\\\\w\ؓUj\{5ﶱr\r\Kp\\a1Ob\\"id\&iϜg\J\\c\"\\=\:\rN\\os5!k^v cR\0%\?js\\s e@\!\TUR8d:M\\s1S\Jq{6x+11Æ\.dzNy\Lnb]\;\'fnd4\[F\}\\\\"\8\. iE3J7ɺ&NJU\	o<\\'d	\A:Ε	ΑLNY\'=&&شf]S8n\Ga?ﶴ]$\N)%@Q\$)\'+x\00\0\?Bn|0\\0\'D0i\pv\%x\K:\b[LY0\kўu+l:7<\\\} H\8\Iu \z\\GS\h\\0 :\\ D<@{1ם$\\\\ھ\yHc\0mfchY+	O\|U\Xy^#a)MI\OT\߄7\\r\e<ʳ>U\B\y\\(ʾ C\\@5]bIL:(TYVfA\n\0:n7N\)h\g\y2r\n\+\"\\\X\X\jȅMmI_Qٶ!@\r&G0\\|=\\\TDaV?\/ӥEt]AI$>1\LL)a\X\w\_d\3bR$:cIɃr*	W$C<v\)烧fH\CC\\_\HG74\W\\4	\"C\aQZ\\tHn|ZEL\_9_\/\oUp9\\4\QK\2\z\\\\]`Xdd̠7\+xȝ!s\3m,q܏|h\t\KFs\\A\#q\̤jB\R:	UJ\\K^qׁU\8).\\?<\`\o$`F\\+Ǟ\r\"\ɫ$M\\nC@i\H\\\r@\\0\\I\em\0\x~\XAr\\ŕ\0~fl\k+Y^\\\J(OS\2y?^OY<しtJ.NT\ыGP\\Ր\!\\;7iH\@\\r\ݵ<\"bN΁o\&WbiIȚצ\r\1:]D=\n\ \nv3УÆ\\\%VY\yEA\A?&\r\W\nw7~\\q\\\^Y\dt\'\I\y0V`\\I\\\\o6QG\Q=R\\rE\<\*\%R\\rʦ@w@\/w\$\7*`m 5N\ZrєG\ր\%s/\t?m\0m[\~\\\E0\`!uM\wH2`\^|\)Ȏj\0I*ő.\ZW`\/-\\FVJ]Fy\03\\'%\.\^Y\\K\\0\\i7\'\%m\?s>bp\k\N8GDHOIB ?\03*\Z\VrK{2N\I\L7`UtI?\\!\_$dyUڬ?\Z\Z\yI\\L4\Dog2\z3@\\\h>\i};\`\rU\<\Z|\lӚ\,1UDaǑu3\Ä1\\\}\{`]ͭq\ϝ\kT\I\ T_\9B\\֮U<_0z[BDrFH\V\`\\Kc\rÁ\2|\׫Ɖ*v\\\\˘\\v\\rUab{\DƔx`2k{\aN\z\\h\@4c\\/Hz\:\ZY/\JT/kȠBs\\鰰EFy\\\\D\g,\ͻ\Mc6/qF֬\yw\k<\X\n\\\K\Ȳ@%<,\\\0.퇹ۦLZr \!,Y=۬lo\\{a1%j;\\\Vb\\lߡD\\n\\\\\7\\\;,\ѰSCǷr\\\z;`:\\\*\\<iWHF\7;#\Hz\nA\y\vFEG\\r)\\\\t\6xu-eK\\Um:\O\,V\Sf\\\|!s\\b]\r\cr\\tQm\nq<$,=á-\\v\//vrM\;f}VC)\z+/\\H*m\IT=陙U~&fQjmF<\\\'b\\)\rB֘\\H&Q\\r!쯂4^\mGFi\B]\\\r[IVT\r.USq`)uW+Ra,\\\*ǐ\\{h\Gק섃\\Jy\"X0+Q\\\\P\+\Fjkl\b\r\\\uki\\}L8q94\߮7A~\\\Z:\xeq\\E\\g?:\\Z\Z\9OX3ecNH\\3\E\	q\𳋳+_]*\ Q\;\0Ҿ0g^s-I\d\G_)L*}^*`b\ZFM\#>IVc\!h\0ܐP0\6NնU)\ט\\A9C!oM\ྮl_[;\.	\\\R\ΞM\N$i\ZRMaƏZ\@\#\Ph\3ɖ\*>k/㕧}J\<\Io8nl\Zys8M9.N~\d\ZūI\,%\̶k!+\\*0\P7a\?\:g긮Ӹ42n\i焘}Rڴ6a7F\m?\<r\m\?5\\'\\/>,\	Y\S\ۚqЭX,\\<\zZQ=r\QJ\\01\lƅ\$\*\"\\ZVJ\\\0GH\\\\\q\\:nQ\\\\\\r\0ʜ&hV\Z\u7j\iׅ9\1Z\#/<)\\Lt\wpV=.\n\;aX<9,)IL4\=ؗ#睊}8\0V\Xn\r\.g\lh+\o4\=J\\!\\\_v\\b\F\W;:\`:\Z\W/roד\\иQ\0\ٌi\ZK98Sn\9< g7y)\\Ob@\\\\s9p\U\\-]ofkx۾\x7\8(\E\\Z\|\K4\ێoI\\۾-fyx\5X\OtS\\\\\+\0 H pPx\\\g\B$9\oZMQ#.\h\PTdW\:j2y;+\'\r\'ֆ\_H\\\Z\̻r\\nӶM\'\\nJ\Epc\j\n3\\\)v\c,jv\gJ\\e\k\\Xy 0\Y6|])j(,&|+\x<OT\rMC\"I[\r-r@\?\Z\\[.u\r~!\t\BxkյX2\	\s\?Ж$7ӷ0Ix-!9x\<\(E\5#ǚMӇ\\t\\qn\\ɗZpH4#S	SCR\\BK\;\KN9 xzehCnl	\iSͽ]\l\'gl \ֶҎ{\uQX\h_R:Qf:4JV\\0J\>dE\q9\\r\~9\/̹\r\z\Z\\\\Ƌ1R9\ǵT\/%t=޴84s\npZճNz/\&zA\\mƒʈ㽄jG\M[r\KKu7ڲ\\Yzn]\h\\\\\\Mįb༗a:\\"c3_r\\\~\\u|\>\\;|5\|6\\V}$OXY+vt Q\&\"\0\'\2Iq<i\0\/ʐ@SVљyUһ\xc\\O\>ߝbYX\\\܁٬F\\i	s#bv2NRP`wu\	5t#\Ód\˜N_+\1w\"\,<L\Z(.U߀\5^\\\\'xXAF\\\\\J\mS7\º^&ޯ8/j\ظ,Bϫe\\~Dj0]!\f`Hv3\s%\Ecx\|\Ȃ\ߘMŰC\\f@ 84s\\\nܩW]UTKxވ\0Ĕch$E\07\L%<F\\	w\STm\ņLl\'ݤD\\\4y[\I\\q-\\+Y\ L\03ĝ(iBF\cQ\\û\N~X:҇\\oY;^z\\\"N\'\\Ƚ\6b\\}\\Bq>\\ja\a\\\0L{ɐBG\q.Hͤ\n\\O_<_qҏjd\AٱMf\\\؈1uS\\\\\gb[]-)+!n\\\\Z\0/o6\X!=v!|uSY8|:/+Ca\dqŅ\8p\\3\\\fd-\rj\~\·ch!3\\,\j\n\+\ߖ+ir\\(\\eJG\Ř\542\٘FY\]+=\	Z5bAlwi2\֋n\'\\G5^`\\0\stk>8`pR&|̉HN\N\2&[&m\9\\i\C\n[\D؁\񿣷!fSh!\\\DxO*8})\/\nfqO\\y2rtЭ)(\'>\f\0onJ׆з?\\:WԊ\V{V.\R\32J\!\\J\0%pğ!5\\r\9p\\O˯Ǡ	:p\Bi\;xԫN/l]9]\'\'5#\<i[\}0QBϡm\ra\r\e.\\\\UC$\K\\x&\\4e\rX\'JG\\_\;qh3\m\\Ja`~~\U\=\\&\)长eXj<:N-(ݣ\\\\n(L\\*\A<VlUB\dN}+\Ox6ɹܖ0/H\\0r6e=pEPg4[\ %\*\DKr\\'\d\\w\oKG\0QO\^\[dg:\n \\\\-Os}+8@8\MRߵ\Q/˯ʻV\\-\n\\\9J9 SS^Gc\ܶAEI!!ȡ\\q0B\Y$\n\|1D&\\+\KqvkX\[}6w\\C\5\8h\9\n\\o3\N\\XAWuk\e{\}8;-V]\\\zp\NHՐ\tmQK AFUo!\t-\(:h`\_\9\=,A\\7g\\	E/\B M\|-Ĵ\}!bя\Cpa\\\&\ɕ<.\.4Fch \\\F\\|a.\0\\\Zm\/֝\\1Uk\q\mXP\rAk\\\<\t+7o\*Y\X>\\Fu͘/CzMvI#N~vjr^P\"q\Z\'\>ƪyP\\Z\$o\\0\\VrŽqn	Eޘ\\n meuy\HQeZp eE\h?Tz.R\/\&\L\\\$yA=kU\JQceRL75bVފ\\\~~${r\O41S\_\0>:^G\"H\\>Y{n@nb#C@!\\T,iM)T\A\Є.\m\oE^\:ҵ\K,\\sK\\\-D]O`qfK*0\\\0\"k╊6?oAP\g\[\K1c;9+7n7()%\|Ӕ\Tw\T\y*\XtX^\s]&\i\nd;a\}ĝ\ES.-b@5\|U\yQ ߶m0\$YX{\\Gy\r\\-\K]\n	v/X&\0H3,\]\~Y\3,Ռs}pG\i\\m %\27ztW݌\^\֌geTAbُZ$(ޝ\\ZS?\\z\n#dE\=t-[{\fO\n\\Xaw\5RB\h\'ȝ\#\rQǩŚ\]Pojl_\I.L\\U\9Rտ\n\ףE\\$x\[-K\#1O\ڍd{F?/\E\FEp\>%ZPE4\\@cFBr\I@0 ?<@lTQ]\]=oY`LA\\u	|\G\+\~M\ZRP\n\{\t3}qt~Z\\\0_?FU#8:r\\ќN*,8)\庵K14\we5\ZxBb\b\i\p]8\o5A-$\"|,W{\Eʚ\\~\\\ӜH>O#\')vDs\,a\.C\\3uK/25W˅8NP땷\#b\"\kh=q\Zs\Ia[KnF\zy<X~%/ڛD\0> J\e85L\AK\L\2_Z\?SKBng!A>\:;7Mtg-\3?x-Av\#{YzK,+7>J\\H=CO~\\ \xC4\F~uQ\\]o\g³tW\\c(\QS\0(\k3zLKB\rŒ*\!biI\\\0=pܣJٱ^6͉\'Cc3E֚oI\0~4\\*\\@>kп{4UĀ\\\/+i5Q\Z\'S\j\e%5m\Q5̟\r;\\@\\\_\%U@_\"y\\-֜l}\E\rv\\\[7\_Ni\\<	 \5\W\hE\~Xh>\91Kc\0!⹕k\D\sGb\*?kc\x\n\GQzRek\GW\\׳\Zd0\n\P\ub19:m^)[\O\r\P[\0\Vbi2>\Z\߰\\\"JHηUB1\6*\0\wMQ7\o\\Q<sf5\&\\"ū`^(]Y\"\5\n\'TXSKo\\\5.\\\\\n\\.%;_!l\\dn\\9&F5R\=#Ss.\ruZ\\E##Yvdܤ\\\:\ǁ\ߑl+>\ \#F\"z\릘b\+\\zdB\i\\\0=\\\X\\5H;	1\"-tnE\xazb\wRF-+\Ф&\=u\[ŖZcٌ|P\LF\\PF+\Z\S&\\"\7=\Z\0Z\\*jN31\\ry\S]<uwS\f\\E{ߠ2*\0<A&d\\Z\"\z\n\S-\nl?\͑<C7+\E\0\c\\\s3\n3\\~\\U~2:1\U:H.;#ǌuE0d\\\H^p;Uw\\gF\\X\\\*خ\\\\Tl\\wT.o\oR\d\t(c3B\nQ\hH94t,\\#9y3\!\\\@cl<dq\ix\#\|Rߌ*\\d$\.\"3`E2@çʕHh!o?\k\l4\\\"\@\\rGWQ\1=\'\ZYH\.61l\-z.r\\np/G!\Z{NyLϒVzfJy\Q{hJ϶IrU\ݶNCU/\(ԣS\}y\C+̙\Vk\n[\'\M\\>\yҩ}+w1\\\\QƍC\$Y\x=\.EnKI\\T/R\\'\[ǜc\V`-\\X\X\\\\~\.\\\=CFWey\&\,4)W9WBL@!kQ\;\8\}lfs\W\`\p\*;2i\<\Bt/32ǤnV\rQc	\ꏷ,\<=G^v\\R\j\\\īR\\MB/\	|͢@b\r\rE>:P0\"[\\,\c8(:\\\0b\b\\*(|~LK\y\Ɓ#\\6\{r\\{\W\\i1\\Zپb\k\z\~œj+\Z,\Šk+ U*Q\Rxr1|\\IS\(\\h\\<\R\p7{m,\\|\y\'\\\\\n\\](S\\8\ARJ\6\ͤV\\\)b⦰\O{wz\΄ܢFX=\0\\hX\\;X{\@~\㉷)8f\oڅ]\\\5J\.\\"&\#9)Q\n\&c\\I\K\Y\l\?#\ئ*uEZ3Ң@ضIQ\2  \XE\rE\\<Ү10\T ַ\\\\d\7#\r\\S\vgd\\dP\\\l\\eS\\v0\vIrkG6ֶ5\F|:){l::ayH/ց2bRhhe<\Ё	ЫLꈪж\Xrp\n{>!=9?\;;\R\[/ׂ\\-O\`y\"K͢	yÄ54zgֽZM\0_\\\Qr\d8*\T\"QuJ\r\\0)#Ю\P$HQ)Ugvi\z\?\\lU\@soi\r\'\ӫP#Ŀ\Ҿ\qIe(ӒAH-U$Cv\w\3t(\-[*z\\ֽ*~D\#<:`dRrKڟ\|QR ҟ\\`\\\3\\h4ˮxIԱ9\v46F*\n\ͬ0{\X\${\\BVnc^ծ\\\\>+3Fǩ_\1)^U_=\ɯi\vctZJ\\^ך#kc~kxs\"b\\ZG8\TL\vg\^獟O\E\W8\׍$FygUJVk\EJl\_oD6\"NЭG\Jk\[\xV\0\E\61\\k\\V7\\S~1cFʅ	7a{Ʃ2\dY~\*.t7[*V1\dȺe:Zh|b\#;X^P\vu\\Ƃ.V\>ɭM~\"Sq\<4<&ҝeu%qm>CI>U}\c7<\0\\H\cD\׈,\'	\r\\i\Fe]5J@P?φY(4Ա5\i\\?yF\\H6\gC*y8t}L\f\\"BX\ۧġS\f<Z+\(pچQo\BEL\;)\GQ\ⵕ;\a.8\'\)],*[\\]060\"\1FB\9,\N\\\x%>w\6\=\lցV fQCT\錑\.?cUl|\\2\N@\u\r\C?x \XM$\Aw\\\cO3*;\g\/\?)ɶ\\rpϳa\.Bz#\O:^\2B^e(\3>Xs\\\\x\'<^0#\FC\)ղpۂKa\M&+eVELJα0*EG\SY~[/z{gFC\ne\8J r6\\\\JVԉyd1\Zʍ~<tq]$X@\@ʯR!&\r\]a]m^\O$\7\N;\#\\ı#q*ytZ\\^R\_JOu\"\\ص9ߨHWu\\r&[֘N\3\vmq)βxZhGjǻ\rho@KZ`T\|e֮+FT\\:FP\h\w\P\\:\g}\h}\\\\ZD@|n\2\\\%mj̹3\ce6\\0Z-AR)\]K\E}\\gl$KÛيP5=\㏺<\%b\@ó\R\"\疨b\\eMV\Z/R\fj=]\CĚ(/Qذ\B^\HZ\\b\ۧ΀i	(7#[\ߢ\T\0B[+\\3-/R\\2U\roV\KƉM\\y\nȚC\̩mm5T\M\\%\I8,v{\0M\m/\Ι\n]Q1c\ٰ\LZö·V\BD\0T؂y<!/\kD\B\3#u\\	\\p-Q\1\0\\Fo\_ e_i@e@%ljG\|\\Zp\\ڛ\34\嵌%w{\nil\\‛Jy.sYk4&\E&-\ <\nQIEXy؅`[ڳq(ͫa`	@6\Z7UE\;\>\\\1Ȋ	tuA\O\\Z\d{%\A!\\Jr\U1)yJ\&1Y\-Agk\tμ_\5\'E\\0k婑]\\{A$\ ׅ*n{t-Oݺ\\31\\5RrlM]\\\"`m֞0Xr\\\Y˩l\'2\\<RU\Dns\\r\oh٩ll	\0\̊E1RN\62ұ\V\\\6c7lw\vcIkА:a\\EJI4\ )\̨\ѧg4\`L\\\FO1\rŬ\k\\\u\8:\v\\v\J))zs{gd\"\57v\Z,t8£\=o\/60r\:o\o\;+\<\\<9r3{\kY\\nhF8fپ\ns\EV\0\5\\\ΏOWK\=)\]e_]c;\\̄1\L\ёQw66Fr\\Z\\\\в;ҽ\	T\גV`cƍK{2@\s$f\j7`M[tl\@Re@3\'_^+K}Ǎ]lD\4yEdm\PحF}&!GKk1\d\S\6\\n\\!?c[i\>\jM\1\G\\\}\|7°\;RB\(ų\'ζKjIE1aSj\'HD\l΅\rNԿoGM\"T\0D\e1YFU>!f\S\\\\J\9r#zeP<\\⠟b#f@\\L\By\\Z9[$\\\\\]1S/<2!w[7\pd+\W\\#?\{\Eg\h\ڡr\\\\\t^\,\cHJ\h|Ңd\n\n\{@h\\\)\\e|\q\Ii\$v[\,\:)4\>Ro\UkQ\r&\rW\\?:*\zW볌ZCŧ?\1\E8i n:6\1D\\^#\\\ߔ\\E5\\;ƝԷ\"uHh\0\E&\=?	m\2`q{\4|WGv#pKdAP\m\9we^an\S->[^w`<+A\\4r\?|QBX\pUÊ)X \A\r\^\(\M3M#,Z\Z\"pif d\ɌH{À]Qր\:΄S^m6\\\U\]uF[0\\\\pV\\D\\l\z\^Yt-`i\7_\\+zx\\\\F\@R+\'{.D\\̶+\n`\n@hɿ?\nɟ(\7~\-\$\_h\\\We&k\6M\g\e\C	Gcb\\:#c\7\Il\\\\z%\=%*\%\q\l\\֒J\=E\u[\-՟\v!fv>k0Y~Gcz\VbZn\;-m_pؒA\ɉ\cUՄe9Əm7O\my-./Ĥ\NʬP\\\ZTW\"o\E8e\}=\nD6\Ťe\(ˣq\~\xzh_(\nLo\"Ad\0&޷h\\W=\S\_\Rlա\j`#\0TJKb\\\'\Q?\ɻKN<h+HAF\<Zmdnm\ZXt\g\\{NSN݇z\\h#f#6\\_Y.V\\XLmԫ\j1I0J\\\q7\'R\\"\\u\\n<LX\Z/\9(v\\|F\n\?E\Za\\u\ N\\p\nPK>REq\\\0	\_*Lf\ߊ\U1\\[uD\0^eȕQŞ)k\:~EW\\\7\\{}7W{E\fȻ\\FN2=r\t)\'nz\\,\\\V\'\`Yֽq\n\\\"\הrg\X+Tf(7`\r?3l\\0[\Nb{\i\nkOmV4/v\\\ I9&/7ڱ#<QxQmI11\c\\+N(\>\r\Um`\y*?\\Aì=-T$p7Mad.\\Δ\\L\bv&O\]#p%~\\\֖X0\\K7\Z^\#z\j=5\\JTv\jheF\O\\U$$f\\CVJeX4\r6\ggqg\\L\~T%ʖgiM\\^ݽ\\^;t\4h?kt\I\\A\\/%!\;B/\cQ\,-\\\\\.\\;[6\3@\K\jf\*ܰ&Hhl\\Zo:Ɏk\\]z\pAa3ҿB\61x&\6\+p87ތT%\3\6\$\nb|G@	h\_2\;/:\0GÏ*\BJ2JRO9,9D\A3\}\VMW\1eHnHŶP\L \my94ZE.X\#i\\\P}ao=#\A(	f`rm~H@\\g\|\\.a74!5Cw\<\\r\A[]X\\婷nA\J\ތ\W49b\l\r$\)u\YWk>a(^ݩwY}겻Ŗ)ٰ\"nŊV\;`:\\6wClwN\[;;\\{N\\(\ru\r?.jT=je\-i	\\\'\`\ٍU.\n\\\\5\"eN\"\.\?i\*\v<-USB\\r\"+:\0\SWyj!{xF*G\\dڭ{I=&iR R0}\B\x\\4ҭG[aZ\1\\f^\f\uȳ\rg\\lN\\1\\\0CbR\>\\\?olm[\\Iށ\.\q,\u\d-A\8s\rqʉF_\"YiZ_\\}R\dgь\p\!b\Ĳ_<4 \o\3\XJ\\\"yS\'w\"%\*\[UwպyH*\PFe A\\#	2b:<\\\\"\AT\d%L/\\nt\\s6u0hԻB\MU\\\\`\rSn㒘cR\r\\]zڦ\\"qNd\C˞\\Fuo&\,X\0U+\,k^³Vw-\fn\P09a\x\? E$\>|<4T13>\0lav[.\p\\bʨ\V)k\r<XuNʤu\\>f\\$p?\\m$T%Ox/\\"\f_\e`vIe܀1\}\0 1.\7lFNT\]=1\\rZ\d\\v\\\\nw>nYtW\]_#G<$i	\]낤SyrA\g쳋:+j\\<>V|$\j}o\_\\\\V\7Z\D\}1d\M-;D@+\C\rς\\eU?!^<t\o>&cH\Es\ػ\\v,1sȏFM\\#pW(u y]ְ\\_I@F~0| |t?GZCj`5Yg,\\W\5\\0\Jʐ8q\Dd\EMY\\_\\'\ߝ;L;?\Ľ{_ś=ͽ\r}\\\ez1/Y%0V\$W\\x\e\E~9b\:\\\w\*\nM\	/9\fԉvkd,:-@8yhVr	xA\XǆEǋ*fe!M\e\<@ox,`#	\\@x\'\\ZO=.JPX:L:nW\\aS{Xc\v?\Q\Q\~marV Xoxjsz/v\\,\\\ܑ¤U\	\k>\\\974@{& (#	ݹZ{I\D\:ʽ\3:@O,\~\$7+e?np\O%\r/w\'\KU8Qn\\0\v+\\ׁ\ZCSŶ\2u7Qc}\"\\0{\%\gn\0\S\s\3\ZYM\gw 0o\\Ҝ9{\ZR-jRm*\ZZ\|3\\$X^yyCrkc\0\:Ed6-$m:e[וqe\\wo\\-\,|y\0\d4wl(EUEbK\F\LE\\ݧRC!34M0T\C\vOIQ-V \T\\\hn]vM-Gro|Zމc{(\zs߬\T2aU\\g\"3ҟq+$Sx\-\\۾,\\Dw\'/\"-ri\cu\\n\\\:\p77q}#[`u\u\\\\#V\,\Q\/e.2\Zv\\Cb`\4Cyz_!\`A=\\siЍX\Ļn}%\\BB/N\pÁg#zr;Ԑ\Xkda?8>\"JY8B@\\)\W\n;\\\y\؋G~ܽz2\k\=\[\Ǎ\#Xt\W\?x:9yiWoԀƝ\#Y\/@e\\+#+g\)9B-i֓\\R?\q&\gJ\¯%,}\\NSKH	%w\7DmC\`+1f</&e\,G\]aܳ$bܺ5\\S?\\\n|f]:C\04.a{e&E\Z+xMء\r:9.b?\"ǃ\	\/\\T,\\rO󓢷Y}@\T?dcM\'IsZ\%\Կ)	ɮ\\I=\\\nMy.5T8)%\ te\Z\`\C]$iV֪i\\>ZVE[Yt\ZdP0P\ {\\\!{\ G\\0\Ts\\ח\ހ\nU秳36\n\Bh\\0\nB6硫\Z\'\mpI{|WVh\0U\5鍇j2\\\\\ϚN\ZH~\npz\\H)Ԋ&\\VD{7Ih]k[FU[XdO!$gY1#y\\b\ܻ[I:3̥\")^ێ\o82.Wd\\q\V\[O\\\"\\\'\t\"OAUw\r?\\Rl-X>\P-\X\ֺR\;\r\ݍnD\K4\3\Abq.E\	\{\Z%ߵy\*?BOFphc[=T$a+\\$\\!\r-c=5;wǮ,2@\@\?+dM|h\J\w2q*3\\/\\U\\\-\l,T\\#\,Mѓr\>`i\n\aw\!!ޟ\D\=\\\z\dLZ,\"\d	5\wVReKlHAPZ?3ZKJ\\A\0ra<#\\,V\@l\_\rUɊ2F;-ȷ\[\\I VR\\\\gF;\#c}[u\0E\Z\:p\\\\졉a\x\rn	MIE\̮\\\M(\\\WS\|҅=\ўːj=ʻ&/Q󽺝\6\\#:\\"\X\ͻ(\W>3[s۽\r\\S[tH(xc\?=^)\\\0=CO-\2Z{]m\0Cs\\(\O8U\0̎\#E\LQ\\\ئxT;\\\nO+	\rtCR\\")~\\+L)J/\͈Y\K4`P\^0\\\\'ڌ2\20`<ȁ@\n(LT\\nA~vdqmsRG\⨙\0/\ \Z6&5.m\\&\\h\n79^W\\;RYwy\\\\\>i-A\\Z\wV\E\ZX\\'Yw\M\zZ0K)ְGel\N9F\c@D\\1?\\| \-\>W\\icp\7\\a@E?k\"\rwOA68L1-e2&%\\p\C\\e͏\aDfC\Trg~\r\זp)sW\j\\ Q8x0ݤƲ<B:ݤQ(.\Fom\\_l|;믙\}p\"غ> r\\X*>*\#\E\\\"\ŋ=!՞0\n#ґC1\\-\0\\'-\\\ԟ\"̦Y{;(\mmLMme\r;8r\'v\nw\khW\4i\P>I\Z/Ǫ\%n-Al\\b!s\xBfwAkl\rE\@v{	Α\Eii`Q\\\\{=؅`擎zt:=5fǩ\-?W\LBGnr)2?v5]&)u\\C$\M >\"m\c\\\\۽qg\5\\7_\zO\f/wZX\\\0s=\(?_3!5ܧЩzb\OɮX\#k<M[xNmAc#g-=[Y}gL4i[Em\IuQkZ,]J޳ISqr\J%B~(\\\\rM! \\C\\e\\R.+}\X6fIL\m|HcO\\L\\\j\bmOh/QRp][mZcw?}X\rl\rI|Y/f\"	ڏ\\3E~Qmb\\\=X\D\t=\ZV蜍Yl\r\+%\ZH\)\\@W\W\q\\\:\\-g\\BCC-K~M\QGdLdڂ7/FOj\^]%Gh-\j\9]aEqZd\\\\E!\L4LZ;\5g1&,J\\{\06Dkg1\wXHO\n 3H=3 2V#@\	&\\{\\S\@\\,k)\0ZxV5\=H\\CVK\j\3 ZpR)\	\B%\G=\'7&d|_Y\\2츑g¯\l\rL!?\*\diTa\ZZ\\\\àevq4A=P\\\Ǒ3w\Ȩ}S3\ˍ\n0ѝ+F>n\\ŷLN:icp!8r\\\`Yd6m\]/M\R՞i\,A(\\'QB\r\	Vʗ\Z\\\2n:XW+\'k^x\PG\[\Z¿\(W\8x\'1;\01I\͇a\ć3;!\%\\\'c\'6?\5\~[\ZА\\݀\y\&\=\xVl\e.\%\j\D$-x;\\Z$\HjNE\n\PVo wbQv\΁I e+N<87Ļ_6\\<\{5(\\"Նe5&X\\Z\\\>k\{h?nd\\n\ F0unG\]\iN`{\0\"A;\[LwvxP\Vɶ\j­\n\\Gyy\VsS\?I\\+l\JPw^ۧ瞯<\1\Z7N`D\\r\<Uϒ\HȌ\hrN\Փ\\m\\\Z䙑\Ľ\"\%t=KL`\\g\\6r]9\|hD\tSwloeܛ\Z\=b\rp\rT7c)s\Z@X)$8Oto\\ot\\kc5\N.Gt3\o\b[ߞ8d*L@\B\\3\(R_֚uq\\\;r-OCra+(͙\l~&\0ᗀ)a\ݝܑ;f#[?\j0 )?F\j\vf\mmQ\-Ի\Ѣ^\$l$0O\[P]nQ~\d[bPk\y\rt?1\nT<,z\Th/Q\'\M.9,y\\#A[MC\2ǅ\"Y\86K8>^۾^[»[\\\nqJ~\\`f\r\\w\TBkzΠȲ&<Y\3)K#S_^OEG@#N\<\@L0\\z	+	\<-\-!|KB.\koߊ\LI\\"A\[\ ɭ|^\I\n3\ZPL-(A3ݣ)^&I1!Yk#K\+m/n-Ǳ*,\nNL|=%)`+6Ӷ@Pf;\Vu`\Ѥ;7\\b\%,Ҽ\\I7@\'vfpNq\\`z\TT\GQ\{\AGz^rƥ\^\z	\+^\\|d\g\Z4H֠\9\\\>^\\c\Ƀ\05\|,Мhߥs\\H\F\ϔY\\\\6ÖL\\̅3+ܖ8&,},@\'<\TzЕ\\3f0\\\8zgx\RQ\r\*r#&J.w\=]2\\&!K-\)ti~\yY3\M\\&9n\\\$\wk\cTγ\\gZ\Q.)A+\=\",	\\\],\'2v\ȃW,\\<O:NQ\[/\`r\0LD)k\\+\ZrJ\\4	|ET&\"-8-;+\xd)U\Me\x4M_\Jol\\J_nga\\PS6%\сo\pL\?v&r\\0c\;vm^X\\Kz\mDYs\IS>zƭv\Ǥ0g\\\DtGV\O\BK@\Z?	;7w4%E^\PkZc18Ffu́0![$Ds\"	k\5[\rtu\D\@1~PR+Shn(#\.4\~Tke\?nb4c\lSO|V:=YS_6\\8\\\imQYaU}kHu\gwߋN\$,\x\\:\߲u)\\B\\\'Ău8;)F)\a~\J\`	pNOz_t7,\	Ζ\6yp?\\l;!f\X<]MLqi\n\\\~N|O\kb	geHekq[\K~r\'RLʭuh_rab\Z,BsK\\HԝK/X\;ɺ\T	E4ʵ7MO\m/!\S(ϱߦBZ#\_-&\\W\[}Tt>k\12\)ʋ\ Ka x5\)1+\\~UP \/3?\\\\2lױ`H&wQy1\\2\dfZJbƣܣ\j\!]\Py\78z\N[too=\&\\ZaL\2US#\\IƯ,\)]Q\Yv{P\_\n*\䴈pf9=\\H7\n\J/*V%\Z\zCU^f)ML\?0cHhtZLӛ\\أnd\'&\jC\Wղ_\3n\'b\\rR\y\\e\`\5Ku3Fٯ\q\\\ws\\'\b\"ܢc|n\kYg\*K\\:mp\_uWYB\b7ǹIZeJ[\6\\i//vc֘\/3\\n>\\'T\\/T\jdz\\M.A\|!\_\ct\iK}~\@\[-+?(/b4\r\\̭6KP\ж}J\9t@b\oY\\*\\-9u.\:\\0\\P+Dhو	ڴ_OnEjB0E&fQ)3l\\|Ͳ7\\g\a)\fh~@S:\\n\:s\ʇt67\Z/\\\\i\\\+pRs?\o\ƃ \aM`\\EJrp\gS\ׇtZx}L&|z:\o6-$p\\H&s+4HM\F1\wc\\n\rB\\76-6\Y7_+`ɜZFռk|_q\\Y\73\h8\0$l*}⁍3\Tn\R\7=\\\1\\19q\\\E$d[J\\t\\\'02wB?9rp\\\\2k\"\I\\l\F\n3\4蹯\\b7\r\lI\d{OI\\{.?ہ\G\.\\n\\ըvԋP\Xm\7LM38W\}XAOEЫ\$\0P)\s!-\\UFU%X\@1р[֓\{\-\\E\uu˩xɯ\Nw߲͕q?wsQc\\`\\\\h\\Zw6E4z7wL\\*d Kx\`\j\km\G\'dD\\ׯKlFIڤա\?FJ\n\W\\\[\ʋ/\3%#(\\Z\Xx	M\w}B7bSGQ[\M\X?bX7䤌|\\eE\0V$V2\\\Q\\\\\Noә:y)4 fw|͍c\'V)\!죔n\\)O\u\d\#3Bs0\6N|&\jԛff%Rmį\~Cð$\ko\ \\\#\]282*~\w^\Y\\h\A\8\/[\~4w\W\%YYUpyP\,֡\Q\-\\#gC\\O\r\R0~h|#gMX8\\Ċ\n6Œ\߸fV&Bˌ&\wFğ\0\)v\\\\\s`.rU<jVY\\[Oq2,eh$\rVA\\b0|\=\o\JiNB\wБ\\\\\\\nĪd\v~lbH5\E3C\ `\~	@\\s-\,/\\g`\\"\~\(\\\T˔	\Ţ\\sDhQ|egWa\n\	vJ\"D\\\~\Sϩݬ5cm\'A\#%ǈ.E\ #\\Zl޵$e\3͠Z\hAO\]\O\`V>_\97G\6\Zx\`Tfe\8N7S2F\]+_XuW5\\ްz$\WQaK\\;\\c\\'E]\^j~^1ΞkBeG\3JR\,c\\[O< F}\\\F&\'BU\|,\3\Q>%)ĤAD96=Yg\ ~E7ؿH*yaX [RbmVJԄ?\n;%7\\	\?%\)YƇ\Qsf\)\\4\nQ 7G/N\g/N\ݑV\2;,cv\\7BP\7\\E\R EIfA\o~\Jnd\'HZe|YHwkp\#\\n\PZ	ȅ\n\#\\a~\_\ڷ\(Qcy94\\A\x\\Z\"\H\*U?sP%8\'\6i\\`\b\\\\A)\\s`Ճ\\jF\݃~cE}au\y`K\}\]ɫ1Ϯ\\=\ԜB}\\oh\\\W_\pcbF\\J\O\"k}\)*s0\#X@8B\ruW\nNe\\0`k;)#W[Lt\C\^\ᖸ\\\81͒\9먨 	ΗBC\zOn8%V\'/\~\".\Vtс\\p$-4?lSSDX\\}yaϴf\\rZX\l\O?q\LO\\kmz\'G|\\\\g{r5\QlrܵRw\dP\"Hb\z\iԄ^:3\\}hFnx\0\\0᫁\g\ޕp\!\'@\\n=0\0^˅=\	?N8J%\Z`\n\r\r\O-\\9}^d\\Ĝ\\%wT\yJIC\`z}ҼVFb8\\t_~@\ǅG|U{밸\0T0敻д|\yZn2yKČ\\1\\Zª\#Fk]a2w\\\,\\j\\22\n\'+\\*\I23.=\9\!WB=}ّo<b`\\\\<\\W8er2\V)[Qr\7,-\\oSH\\\\%	F\Rj7\\ыd\aʸs<;37[\r\N4\\T\>4t\܃\rpb\}aZ8\P7ɈڧV.\ZS^D\=\\"\SWc\n\6T+ϲ\&RӦh8F\':OЩ<-{\3Rf\nKe[ȝe \J\\C=m?\B\\l>\D&z7S6~)yV6{P.P2Ά\rK\c\̳bw\Zk\\\މ*\\ws\p,0ߟ\nl\&F\\)F\ɥ\-OĚ\?b\1,\	jw)`\HLz\\w^M\dH\kBă¼{/;M\GgqCCΖ\\^\dS\ظ\\\Ӳ:|/)\+x\oyB\r<L	m\X\O\\鸳\R\nxV\-Kn_\C\"I\n\-\r@Ff\w\{xgrp\\§\0h	Y7\\th\OJE~K\ێ܁M,Q)|)ndbF\z6 > ;\q{\'\'ˎ\\\'\\z~Z\E\Q\\?l\v\c)gGҺ^x?)\\`˘z\\nI\Ȕ$_\B\]}tj<؉2\\A\'2\\h\yA+j̾\FrLǛ\0\YA\\n=`)\\>5)}w|6W\'\dD)/`\\!@FjF\Z v\$u\\ة\X\{uH\g!Yz򴇟kFB(a\-.wUa6>~2Q*Y,$\(r.hp\0YS[̳frTN&\\\\Zk\\$\r\fFsF \e63\\_צb޾wh+\̛3V\\\\a\n$\eAm\<\\度-J\$\07\\y\:\XN`^\\\OTj>t;\Nj\"\~ض\r1\8jЮ\nDZNP\+qw\\9_`<\9U),Vs]\\g\OeQB\\Z~\\Q)\]JNh\33ۭgK\l\\\B4{e\\O\\"+SB\.Q\\M\\W.J\\LYrx\W%\&V|El\(i/~\3\Zx/gj\v!e!,\nvY\$\Z|\06Zc\ޛ>\\ȯ\0hwMg\S!}X\C>R\\]Qpv\2\*3>Oh?\p\Rn#\kz\\\PISt\o\~CM?-y``R\a\\U\`\t$8;\"f\ r\\r\'\"WiY%\+\K`.\g*l`4\\` \RaE\Aq\\8a\R,\ʭm\k\y\\m\}\ƴl\2\3z\X@ży\\rmno\I\Sd\'kcIG\\\d^5\Y4\\#EC@\j\IK8\\}={e\۠_DCL`~Aإ\[$\\*Շ!\\ւ`X[s\e~Ɣ\p>\L=,o~5\\J\:NC.\3\\\|1\h6\\*R\OA\j\\0A\'\n`D۸\! &go\gC\=y堠n{\D\	Ԁ9hVʖ_(H}`B\'\jv%7\X̟gyvYhw}-R|\Z.?:`R\x;S`\6\˞\V!\\\)\j\E\	*R\g\jz5X/r2lNX\-\6hF\kV7\~\\\d\\kgی	\T¥\\\-\/@d#9&;V(\q\'&T\\7g[nmӓ\\ӌ:\L\\@nտ_;^\ę^D\0v=qcna\\\=\HuN]2`\aGȹcb\$e\\H_U\ \YDcee\\m죶A\nE\0J>u_*\Tɤ\no$\49\\\TEJ\i0CܸO=7oal:p=\0]Mxp\؃\"Y?Ie]rÙl,Q1W\ۣ\\)&	\\c\t\\N!f\|t*pZ\Cɛ\'b}\n,8R\@דDo9\\`\9U\\\AK\ZdX\p\3`s9\t`4rj$S}\a\\\4\\G:9\0]Ic \!2HV.\PމK@\CU\\`j(ke\\ZB7|lRtw\\n䧙\&gF;LL*\E]\\\צc\\\\\_*\\b\\4d|\\)\\A(Mq\\ֳ\_%\Y\[\خ\\z02Pk91,\Z\\b>J\\ro*=\+H*d9,\@\rcj\\M0\ĨoaS!\\eI\	lȿ8(\]ҷ#\\8\\|I_h{\~q\0㩀Ԕ\5huQ\t\'\r\\\=)\\|J\֐\`\L\s+0\`sN\\*>\\ͪf_\yuG\0o\*\\\9#%NיР6\'P7T~H\b\\	\Uc\\`N\p.\'\lNsHa޶_\r,d\Za\hBo\0Wm,\t9\^άΪR],7\'2d\-׹\kQʹS:\QPhyΦ\i|\O\ZS$*vґɮt}\|=n\K$4\n\\\\\ enP\:K\1\"\\\aWt%?\b\XM`\(\}2!#?\ \\\\\<HG2U\\Ť`B\\\B`\i\Y\&(\\nSV8P	Ĭ<\\\k:\S&*ņ-p\\S1=a\nU\\\̏\LѥD\r\10x9\\\7!\n9\4\\oo@a\\K(YۓȋN\@c)$BbT|_ʯkk\֕\l:]\"\\$W\D݁\Xm\,\'Q?=\\f\HDCpGn\\ɬDH\\^\n\=ǞbA\\iRwm] ?\XQ iM]\9|ze۩oMy2p\o\Gi2vOzk̿\ȬHU9\Yf\DԚ\>Ns͗rɔ0`7\~w.~\nvR\\_\\\J}\0b1`\&hGת\@E$`r\OpM\!\\\pJC\\`a7\Z\\0Rb8mVw^ɺؿP\\\f\nS\v<y\yD\=\|ZRFD=Ճ\m\\\\BS\P#\\\\)G\#JG\77XSa\\d0l.˷L\s\\\\0\H\\\B|P	*:Gfg\=Cnf.XL#U\,uVi\eE\\UyH暈\WE\n\.֩Ȉ,\,	PH*\\\\\Ҋ\"l\ƥї\04,4c(\0H~\\zAM\4U\sø3zY	\YNi\B\\),?նo2)J\r@\UȲ\՛oe9\`\\'ǧeH\<ొIQ=@dLjΩ7Z\֡\*M!S5z!Uʈ\\>~\ֲf_6۝>o\L\l?G?ȥ	\z	z\\\*ZFN\Ɒ\\\+\\Щ\\/n0&R[FPVYh_K\\#)\(\\o\I(ATkks\\̅\\\n|\"&[;,}eleL{s\"8>M{^\\&?\,ػ;\8a+\\\i\8̢\0=\h.\E\%f7?Lא\3\\cn,&\\\@B${l	4\y\-P/\(\S\5t\\tU\2dH\yMqnF2*D`\"]\+t6Oށ+*S43\8n\,\F3<X\"Hl\\\%@`S\\\7\+\Z\^\+αQac!7^.هCK\A\\rR&\\Lb\K0A\\\0N\zGY\d\\ᩪu	;8(Ho֮ta7\J\.O&&\w\jR^`vrEm\\^\C2)k\\0w\iu{96\C(\'ı\={\\\k~P\TF\*\\:\-/|d\GC\e\9\lzݤӾR+B\֍P6\\\C\QPJ\'\G9;E\@\r<(IáM\\\A\rDO:\\`|6\\E;/ħZś]z\i&t\õ)0〦\\1=})ev\Q\ޜAޱ\\$A\n\|a\\|\[mj²V,I*~~ي\W#oQv\\7\\lۃ\lQkۀ,\vM}sasO~|ã>ֳ:Ǚmb\B\1(\\\z5Vn\#\\r\'\d\&Y^lsg\\K\\^\é\\Za;\rO\+o\$>͇\\nec{ͼq^W\n]\\s7\~p\\W\CA\O?ah:\FζY\j\;c\YZ#\	+L쿊I@x\\0}\xT6\\\\SB\쳺\\ƭrtw\O=C\\\I$\Jtk6ȏjN\8w\\[ft&N\7\F^vr,\e)\P)}\'-Bk\SJMY\^2@Î ;\\^La+\\[\1\WQJ\d\g9m(\I\	w[\\-4q@h*6$6BT(+/P)[N\XԵ^ci\\zA\,\YC\*\A\\ƚ\ܽK^2\\b.\G\`\`\nr!\VFլo\O\]\B\F}ed\\rvul6z]9FxjT\a4ƄHy}\J\eZXd\iKht\42W\rz:\\<\cW{\XAq\&<)7,\k1̓N\\XӅɱ\q\vh\r\aׄK\\sfW\T>\:7+p!\@6\tHj&\$9\,:\0\\\I\S\yՍW\Xh%\\OX|\iv0QlIH]Tm\D8H2h\kWҙ@\\nlU0Z\Zqg\\0-N\[~_\Q\{\ZiR<,~QEM`Y\n\ҋC~oMK\*ZV}\W>F`P\	SG5\se\i_\\Z\\x\DHmi\"h8Np0 \?\rv_|4\\@\7f)T~\.\@]+dh\'tV=@\Sa3R\Ȑ-\\$\'＜{\\_\͟!,\n%h\.iT\a\W\\XkicxŢ[=G1|Ok|[}t\#\9p\0\c\wZ^*=6<Qɬ	Ʒf)!6 \,!36[H#K`6mͿ}K\ \\P!A\yM̃\'bd\'\\Fvq\)=F\\ZD\}\j6ʁt\\xCx\{Q\a%S[e@B*ޯ z	jx\\\S\r\(\,Ewr\\-X\|\Zn\ns_ֿ\~r\Β \\\\h3!G\^5w[ˊ\Rj\\\\'K\\\G@A\00*<p9\\|:^	\n3:0\u(.\E%&\'x:\z7\حx\\eâJdjM~&ɫh:r34V|+y\\=N\5e$\\ONG^BW\!:1\=c\r~%{8\jA\0g_rh̄\w5(Dף*\sNTÕz=h\8F\q9S׵9w\\\S\\\,\\ı@8\l\\n0\"~k_yà~	.\r~\"\i\%\'\\'϶x\\\ӁJZP\=\\MSx6\X?.?d(\\ \0#=MC]͵ PpH\]U\\\H5\\\\6\/[\\G̶WtxO1>S\:p\GB\0~qfr%N\\,\r\'N\Q$k3*rp7y0\P!|\(7fJ\\`T2u\\ү\t=]Τ}\M\v5a8pV+\MCT(RC\8g\g81TؤN\+a2\%]\/JU<T\I\?\zUi\\p&4\0\uX/\~h$Ì\\/\"ͤ\n\x&*j\(\=υ\a\qN\\_5:\s\HZ>(7/ABm2J:\?O`H\$S>:\e3\`zz.iY\s/\wpxj\\Z|%\\'A˔\Z\\=_\L<\rAu\\HUI\[ց\^\BY6w\~68B\u踂\Ij j	|PGS^@{pd\\Uj>Q7\	QJ$\lAab\E<#t\I;\q;x\ǒ\+\=K\?H3ᎉ\ڢ[C\\\k#&o\\ D=\\rn#\;ľ&\,낇Vp|,#\|qŌW!=\8i^\VL{N+y\>xp\0v#	u-is)\<uٲć\Z<$+!\W>\\0\<q;߽\\S\k$W!	\S.\\gn\hX\\V\\poYM1\6eG^u\[\\\|)+Ԝ\PP^\nzz+\-\o\'%\'\O_+Ș݃\\hS\n:c\b*Qf0Rtv~\i`ȉ݈\X\ѢB\\\l\'\(\@\\QBm\*hHp\a\\Z0\:\byb&\E@xʤ9\E28u\$dcU1u\0\ф\r9\l&l\\cz&xٵ;\rf\0|Y\ŦN\Wr\\Ω\\c[k\ik\(09\%:\\r*=sI.x\̓\Y\\B\p\`ģ\F\ph\2j5	􃭀?_ڹ\\rP﹦|܄\H\p7P\00\\!6œ\\\<\r\e\	4ϔO\<g\FN)\3\Z؜NwĬ\\\_X\I\m\E\e\豖2G3a\\rF\ae\"\{aok}\6\H3\oME/\\)0OK\ϙ\\"}\=Ⱥ4\7od<!f!ټQ\\\\\\V}K0\0\}g_jf%\\"\ ѳ[&^1j\q(\%+EAcM \Y[|j)%i<z`,\W.*\xnO&l3/Sg{\Gs\"	-\0\:1\d\6d&->\H\{]Pe-KNr(\\WPyAJ-/\2\sK\#\Ӥf2:]>\CD{$\Z|\'8nJs[%.Ma\\\3o\r$]\%1xxx/;0c\J\73|(\A\u\'\n\N\"͏\\\J\\FЏfk1\FL\QP\\<{qEH\XRȼE&LVui%\\J#֖JQ<d4>\r\bs}YXaO\\v=i*\\\0}\Z.?{~\JD!r|a@\E~5M4,2\\;`!\\k{\Z3\	j\~#Ki\\\n\\SRAV<4\4\ϚZ\0=nz=\\Ù\6\NK3c\_jD\_֊}I\D\\c\\. \lsr?6&-\T\Li232\cf\Ԏ\/zj\\`%\\<) vo\U[5b\(8\rZڀ\G1gV\5\«GՅ\S9xݗ>H	\M58e\|B\\0J\uiT\nur	\N&\'Dx8lB\QstkXT\\\ɚ<\<:\\i4Küս7=.9\rAn\\nj!\^e[W$\K] ѝG[\gǈB\{w%@M\b\Z\\Z\^U ܒ9,\'i\r\\uU:#AY\\r\D\\\rX\"xGŋ?lp]m]AMFu`i xUp\ԯ]?\mȥ\R\\ dP\\?\")p\\+c\n}\H$ș&\\"r\n\0\z.A\\p\'iQ: `F/x\#\\C\(\rL4\Z\\\,\A\Z=c|tbԇ渜 7h\\f3\\z.ɇ\[+F\dqc\|I,nl/\Z}.\қ{L(zBcd\\С0Ű+Fr8\IDW\z\;)qdVjB&\IQl\r&IH\l|[j9-9\7jaw\G\BP{\\\$c;\}\\.uD\88\:\ID\<\b\\3M{FQ^\+j>\\cg \ZM8ڿ\\\H<Cb\\\b=wbtF㒉\u0 _GBR4+\X*j}`6[9$\F?c>\5/RCFZD\ZU\n\\|?cfd|\5 <LP\nl\Gͯ@\}&e6#C\Ɣf\C~\Z\Y\oo%^7f.\\.cW\Z<n(ս\0\u9)\\u[\n麎\z\'\\ZZҁz<P\Aܡ\m%݇jtk\\\\\'-(Ow켸*P-MӛOYp,ٚ\:S\qHcu\[l\5\Ldܑ̇9v!}-\i\%x2\\AC-\0,,D\hhMFITB`Ymy]g~\z\\o\"\H\\\\Oe2%o/\Ps\r0u\\b+WOS:\&YAZf\\<\e%\ZP\6s0z\j#ВK\mD%i\[\EHyJmp\r9?HWo2\n\j;q	s6\q\T\\p\hP_\.TK\"\r Eg{\Z0\8ؐ8:\^\\9 >\"q!{?LN\\r^\\\cל@ŵYf#D	=<2\|\\ƣ`߇\&r\KQl[a\\r*\SZ\Y\ZߦЋ|ZwJ3N[\\'u}ބ\#=P˰#*rYhDB\n6Gg|bs:)7\Ń\n\rV>wf^Rle\$Mgˏg߮ry\n\n}F\\"N2\|\ɀ	\__.\xn\y\Ղ];\[R[i\O\Z.w\m\N\'\GΑRN\\%:\T\0*z\\s2e\]i\*gT@/\Xf\>xSY\\\z\Ո\\kۂ4_p\֧ˤ\YFqa:Um	ˋ\ѿЦ@\\Z\"S}\k\\'\>[KItv\ca\\D2+\\Fu,Oń\ӭrJ\E\\\r\':M,t\zv\K\\BryrQ\Ѣ#\\\yPz\yU\Z{)\n*h\\:\\Ǻg\(Aw0\0U-r\\WC\=\kԓ	\L\\\- 2\G\)\Eo\\&_P_1¦\d\\\\SLPV+\\.^\\+ʴߋ\09\X\[\WMt?pͥ2n\s]}uS)\r?\Zf&\\'\\\\\Kh\\(V>\ǠF#R>V(8LC#AH	#3f/T\\~Dl\q\\3D坃<Ĝ,xi82`-\\QgoAP:*[/;20Nj\dHJBCZ~ߏ\#\Ե~\Ч^k\r|:l5\E!\\{\jL\)\[\5K\q\Kؿ^rO,լ\kCx1\X\ϋ\\A\rU\0\0'),(2,'Салат с тунцом','Салат с тунцом, яйцом и оливками.',300,1,NULL),(3,'Греческий салат','Огурцы, помидоры, оливки, фета и оливковое масло.',280,1,NULL),(4,'Салат с авокадо и креветками','Авокадо, креветки, лимонный сок и зелень.',350,1,NULL),(5,'Вегетарианская пицца','Пицца с овощами и моцареллой.',400,2,NULL),(6,'Пицца Пепперони','Пицца с пепперони и сыром.',450,2,NULL),(7,'Маргарита','Классическая пицца с томатным соусом и базиликом.',380,2,NULL),(8,'Спагетти Болоньезе','Паста с мясным соусом и пармезаном.',400,3,NULL),(9,'Пенне Альфредо','Паста с кремовым соусом и курицей.',420,3,NULL),(10,'Фетучини с грибами','Паста с грибами в сливочном соусе.',380,3,NULL),(11,'Тирамису','Десерт на основе кофе и маскарпоне.',250,4,NULL),(12,'Шоколадный фондан','Десерт с жидким шоколадом внутри.',300,4,NULL),(13,'Панна котта','Итальянский десерт на основе сливок и желатина.',220,4,NULL),(14,'Лосось на гриле','Филе лосося, запеченное с лимоном.',600,5,NULL),(15,'Креветки в чесночном соусе','Креветки, обжаренные с чесноком и зеленью.',500,5,NULL),(16,'Куриные крылышки','Запеченные с соусом барбекю.',250,6,NULL),(17,'Брускетта','Поджаренный хлеб с томатами и базиликом.',150,6,NULL),(18,'Мини-кебабы','Мясные кебабы, подаваемые с соусом.',300,6,NULL),(19,'Чипсы из овощей','Хрустящие чипсы из свеклы, моркови и картофеля.',200,6,NULL),(20,'Свежевыжатый сок','Апельсиновый или яблочный.',150,7,NULL),(21,'Чай','Чай черный или зеленый.',100,7,NULL),(22,'Кофе','Эспрессо или американо.',120,7,NULL),(23,'Фруктовый салат без сахара','Смешанные свежие фрукты.',180,8,NULL),(24,'Чиа пудинг','Пудинг из семян чиа с кокосовым молоком.',200,8,NULL),(25,'Ризотто с грибами','Кремовое ризотто с лесными грибами.',350,9,NULL),(26,'Фалафель с тахини','Жареные шарики из нута с соусом тахини.',300,9,NULL),(27,'Курица на гриле','Куриное филе, приготовленное на гриле.',500,10,NULL),(28,'Овощи на гриле','Ассорти из овощей, приготовленных на гриле.',350,10,NULL),(29,'Цезарь','Салат с курицей, пармезаном и гренками.',250,1,NULL),(30,'Салат с тунцом','Салат с тунцом, яйцом и оливками.',300,1,NULL),(31,'Греческий салат','Огурцы, помидоры, оливки, фета и оливковое масло.',280,1,NULL),(32,'Салат с авокадо и креветками','Авокадо, креветки, лимонный сок и зелень.',350,1,NULL),(33,'Вегетарианская пицца','Пицца с овощами и моцареллой.',400,2,NULL),(34,'Пицца Пепперони','Пицца с пепперони и сыром.',450,2,NULL),(35,'Маргарита','Классическая пицца с томатным соусом и базиликом.',380,2,NULL),(36,'Спагетти Болоньезе','Паста с мясным соусом и пармезаном.',400,3,NULL),(37,'Пенне Альфредо','Паста с кремовым соусом и курицей.',420,3,NULL),(38,'Фетучини с грибами','Паста с грибами в сливочном соусе.',380,3,NULL),(39,'Тирамису','Десерт на основе кофе и маскарпоне.',250,4,NULL),(40,'Шоколадный фондан','Десерт с жидким шоколадом внутри.',300,4,NULL),(41,'Панна котта','Итальянский десерт на основе сливок и желатина.',220,4,NULL),(42,'Лосось на гриле','Филе лосося, запеченное с лимоном.',600,5,NULL),(43,'Креветки в чесночном соусе','Креветки, обжаренные с чесноком и зеленью.',500,5,NULL),(44,'Куриные крылышки','Запеченные с соусом барбекю.',250,6,NULL),(45,'Брускетта','Поджаренный хлеб с томатами и базиликом.',150,6,NULL),(46,'Мини-кебабы','Мясные кебабы, подаваемые с соусом.',300,6,NULL),(47,'Чипсы из овощей','Хрустящие чипсы из свеклы, моркови и картофеля.',200,6,NULL),(48,'Свежевыжатый сок','Апельсиновый или яблочный.',150,7,NULL),(49,'Чай','Чай черный или зеленый.',100,7,NULL),(50,'Кофе','Эспрессо или американо.',120,7,NULL),(51,'Фруктовый салат без сахара','Смешанные свежие фрукты.',180,8,NULL),(52,'Чиа пудинг','Пудинг из семян чиа с кокосовым молоком.',200,8,NULL),(53,'Ризотто с грибами','Кремовое ризотто с лесными грибами.',350,9,NULL),(54,'Фалафель с тахини','Жареные шарики из нута с соусом тахини.',300,9,NULL),(55,'Курица на гриле','Куриное филе, приготовленное на гриле.',500,10,NULL),(70,'помогитееееееееее','плак-плак-плак',123,2,NULL);
/*!40000 ALTER TABLE `dish` ENABLE KEYS */;
UNLOCK TABLES;

--
-- Table structure for table `dish_allergen`
--

DROP TABLE IF EXISTS `dish_allergen`;
/*!40101 SET @saved_cs_client     = @@character_set_client */;
/*!50503 SET character_set_client = utf8mb4 */;
CREATE TABLE `dish_allergen` (
  `dish_id` int(11) NOT NULL,
  `allergen_id` int(11) NOT NULL,
  PRIMARY KEY (`dish_id`,`allergen_id`),
  KEY `allergen_fk_idx` (`allergen_id`),
  CONSTRAINT `allergen_fk` FOREIGN KEY (`allergen_id`) REFERENCES `allergen` (`allergen_id`),
  CONSTRAINT `dish_fk` FOREIGN KEY (`dish_id`) REFERENCES `dish` (`dish_id`)
) ENGINE=InnoDB DEFAULT CHARSET=utf8mb4 COLLATE=utf8mb4_unicode_ci;
/*!40101 SET character_set_client = @saved_cs_client */;

--
-- Dumping data for table `dish_allergen`
--

LOCK TABLES `dish_allergen` WRITE;
/*!40000 ALTER TABLE `dish_allergen` DISABLE KEYS */;
INSERT INTO `dish_allergen` VALUES (1,1),(1,2),(1,7),(2,4),(2,7),(3,2),(4,4),(4,7),(5,1),(5,2),(6,1),(6,2),(6,8),(7,1),(7,2),(8,1),(8,2),(9,1),(9,2),(10,1),(10,2),(11,2),(11,7),(12,2),(12,7),(13,2),(14,4),(15,4),(17,2),(20,6),(25,9),(70,4),(70,5);
/*!40000 ALTER TABLE `dish_allergen` ENABLE KEYS */;
UNLOCK TABLES;

--
-- Table structure for table `dish_order`
--

DROP TABLE IF EXISTS `dish_order`;
/*!40101 SET @saved_cs_client     = @@character_set_client */;
/*!50503 SET character_set_client = utf8mb4 */;
CREATE TABLE `dish_order` (
  `dish_quantity` int(11) NOT NULL AUTO_INCREMENT,
  `order_id` int(11) NOT NULL,
  `dish_id` int(11) NOT NULL,
  `dish_order_id` int(11) NOT NULL DEFAULT 1,
  PRIMARY KEY (`dish_quantity`),
  KEY `dish_order_fk_idx` (`dish_id`),
  KEY `order_dish_fk_idx` (`order_id`),
  CONSTRAINT `dish_order_fk` FOREIGN KEY (`dish_id`) REFERENCES `dish` (`dish_id`),
  CONSTRAINT `order_dish_fk` FOREIGN KEY (`order_id`) REFERENCES `order` (`order_id`)
) ENGINE=InnoDB AUTO_INCREMENT=33 DEFAULT CHARSET=utf8mb4 COLLATE=utf8mb4_unicode_ci;
/*!40101 SET character_set_client = @saved_cs_client */;

--
-- Dumping data for table `dish_order`
--

LOCK TABLES `dish_order` WRITE;
/*!40000 ALTER TABLE `dish_order` DISABLE KEYS */;
INSERT INTO `dish_order` VALUES (4,3,4,1),(5,3,5,1),(6,4,1,1),(12,3,8,1),(13,3,11,1),(14,3,20,1),(15,4,14,1),(16,4,28,1),(17,5,6,1),(18,5,22,1),(21,7,23,1),(22,7,24,1),(23,8,9,1),(24,9,10,1),(25,9,12,1),(26,10,15,1),(29,12,6,1),(30,12,7,1),(31,13,11,1),(32,13,12,1);
/*!40000 ALTER TABLE `dish_order` ENABLE KEYS */;
UNLOCK TABLES;

--
-- Table structure for table `feedback`
--

DROP TABLE IF EXISTS `feedback`;
/*!40101 SET @saved_cs_client     = @@character_set_client */;
/*!50503 SET character_set_client = utf8mb4 */;
CREATE TABLE `feedback` (
  `feedback_id` int(11) NOT NULL AUTO_INCREMENT,
  `client_id` int(11) DEFAULT NULL,
  `rating` int(11) DEFAULT NULL,
  `feedback_text` text DEFAULT NULL,
  `feedback_date` date DEFAULT NULL,
  PRIMARY KEY (`feedback_id`),
  KEY `client_fk_idx2` (`client_id`),
  CONSTRAINT `freedback_cl` FOREIGN KEY (`client_id`) REFERENCES `client` (`client_id`)
) ENGINE=InnoDB AUTO_INCREMENT=21 DEFAULT CHARSET=utf8mb4 COLLATE=utf8mb4_unicode_ci;
/*!40101 SET character_set_client = @saved_cs_client */;

--
-- Dumping data for table `feedback`
--

LOCK TABLES `feedback` WRITE;
/*!40000 ALTER TABLE `feedback` DISABLE KEYS */;
INSERT INTO `feedback` VALUES (1,1,5,'Прекрасное обслуживание и вкусная еда! Обязательно вернемся.','2023-11-15'),(2,NULL,4,'В целом хорошо, но немного медленное обслуживание. *** отличная.','2023-11-16'),(3,3,3,'Обычное место, ничего особенного.','2023-11-17'),(4,NULL,1,'******е обслуживание, еда невкусная. Больше сюда не приду.','2023-11-18'),(5,1,5,'Снова посетили ресторан и остались очень довольны! Меню обновилось, все очень вкусно.','2023-12-01'),(6,NULL,4,'Заказали столик заранее, нас сразу проводили. Официант был внимателен, но иногда приходилось ждать. Блюда вкусные, особенно понравился десерт.  Атмосфера приятная. Цены немного выше среднего, но качество соответствует. Рекомендую попробовать.','2023-12-05'),(7,6,2,NULL,'2023-12-10'),(8,NULL,1,'******.','2023-12-12'),(9,NULL,5,'Лучший ресторан в городе!','2023-12-15'),(10,9,3,'Всё нормально, без нареканий.',NULL),(11,NULL,5,'Отличное место!','2025-05-08'),(12,NULL,4,'Советую','2025-05-14'),(13,NULL,4,'okm,','2025-05-02'),(14,NULL,0,'Очень медленное обслуживание','2025-05-15'),(15,NULL,1,'не понравилось','2025-05-01'),(16,NULL,4,'выфвфы','2025-05-21'),(17,NULL,2,'сойдёт','2025-05-13'),(18,NULL,5,'шготьшото','2025-05-09'),(19,NULL,2,'Криповый ресторан','2025-05-07'),(20,NULL,0,'******************','2025-05-28');
/*!40000 ALTER TABLE `feedback` ENABLE KEYS */;
UNLOCK TABLES;

--
-- Table structure for table `menu_category`
--

DROP TABLE IF EXISTS `menu_category`;
/*!40101 SET @saved_cs_client     = @@character_set_client */;
/*!50503 SET character_set_client = utf8mb4 */;
CREATE TABLE `menu_category` (
  `menu_category_id` int(11) NOT NULL AUTO_INCREMENT,
  `menu_category_name` varchar(40) DEFAULT NULL,
  PRIMARY KEY (`menu_category_id`)
) ENGINE=InnoDB AUTO_INCREMENT=11 DEFAULT CHARSET=utf8mb4 COLLATE=utf8mb4_unicode_ci;
/*!40101 SET character_set_client = @saved_cs_client */;

--
-- Dumping data for table `menu_category`
--

LOCK TABLES `menu_category` WRITE;
/*!40000 ALTER TABLE `menu_category` DISABLE KEYS */;
INSERT INTO `menu_category` VALUES (1,'Салаты'),(2,'Пицца'),(3,'Паста'),(4,'Десерты'),(5,'Рыба и морепродукты'),(6,'Закуски'),(7,'Напитки'),(8,'Десерты без сахара'),(9,'Вегетарианские блюда'),(10,'Блюда на гриле');
/*!40000 ALTER TABLE `menu_category` ENABLE KEYS */;
UNLOCK TABLES;

--
-- Table structure for table `order`
--

DROP TABLE IF EXISTS `order`;
/*!40101 SET @saved_cs_client     = @@character_set_client */;
/*!50503 SET character_set_client = utf8mb4 */;
CREATE TABLE `order` (
  `order_id` int(11) NOT NULL AUTO_INCREMENT,
  `client_id` int(11) DEFAULT NULL,
  `order_date` date DEFAULT NULL,
  `order_status` varchar(25) DEFAULT NULL,
  PRIMARY KEY (`order_id`),
  KEY `order_client_fk_idx` (`client_id`),
  CONSTRAINT `order_client_fk` FOREIGN KEY (`client_id`) REFERENCES `client` (`client_id`)
) ENGINE=InnoDB AUTO_INCREMENT=14 DEFAULT CHARSET=utf8mb4 COLLATE=utf8mb4_unicode_ci;
/*!40101 SET character_set_client = @saved_cs_client */;

--
-- Dumping data for table `order`
--

LOCK TABLES `order` WRITE;
/*!40000 ALTER TABLE `order` DISABLE KEYS */;
INSERT INTO `order` VALUES (3,2,'2025-03-15','Обработка заказа'),(4,3,'2025-03-15','Новый заказ'),(5,4,'2025-03-15','Готовится'),(7,5,'2025-03-25','Готовится'),(8,6,'2025-03-20','Новый заказ'),(9,7,'2025-03-15','Готовится'),(10,8,'2025-03-13','Подан'),(12,14,'2025-05-29','Предзаказ'),(13,16,'2025-05-30','Предзаказ');
/*!40000 ALTER TABLE `order` ENABLE KEYS */;
UNLOCK TABLES;

--
-- Table structure for table `table`
--

DROP TABLE IF EXISTS `table`;
/*!40101 SET @saved_cs_client     = @@character_set_client */;
/*!50503 SET character_set_client = utf8mb4 */;
CREATE TABLE `table` (
  `table_id` int(11) NOT NULL AUTO_INCREMENT,
  `table_capacity` int(11) DEFAULT NULL,
  `table_location` varchar(30) DEFAULT NULL,
  `table_status` varchar(15) DEFAULT NULL,
  PRIMARY KEY (`table_id`)
) ENGINE=InnoDB AUTO_INCREMENT=13 DEFAULT CHARSET=utf8mb4 COLLATE=utf8mb4_unicode_ci;
/*!40101 SET character_set_client = @saved_cs_client */;

--
-- Dumping data for table `table`
--

LOCK TABLES `table` WRITE;
/*!40000 ALTER TABLE `table` DISABLE KEYS */;
INSERT INTO `table` VALUES (1,4,'Главный зал','Свободен'),(2,2,'У окна','Занят'),(3,6,'На веранде','Забронирован'),(4,8,'На веранде','Свободен'),(5,4,'Главный зал','Занят'),(6,2,'У окна','Свободен'),(7,2,'На веранде','Свободен'),(8,2,'У бара','Занят'),(9,4,'Главный зал','Свободен'),(10,4,'На веранде','Свободен'),(11,6,'Главный зал','Свободен'),(12,6,'Главный зал','Занят');
/*!40000 ALTER TABLE `table` ENABLE KEYS */;
UNLOCK TABLES;
/*!40103 SET TIME_ZONE=@OLD_TIME_ZONE */;

/*!40101 SET SQL_MODE=@OLD_SQL_MODE */;
/*!40014 SET FOREIGN_KEY_CHECKS=@OLD_FOREIGN_KEY_CHECKS */;
/*!40014 SET UNIQUE_CHECKS=@OLD_UNIQUE_CHECKS */;
/*!40101 SET CHARACTER_SET_CLIENT=@OLD_CHARACTER_SET_CLIENT */;
/*!40101 SET CHARACTER_SET_RESULTS=@OLD_CHARACTER_SET_RESULTS */;
/*!40101 SET COLLATION_CONNECTION=@OLD_COLLATION_CONNECTION */;
/*!40111 SET SQL_NOTES=@OLD_SQL_NOTES */;

-- Dump completed on 2025-05-30  1:31:38
